Study_id,Fish_id,Species,Tags_type,Biological_archives,Location_biological_archives,Element_ratio,Mean_value,Error,Error_type,N_analysis,Publication_date,Reference
e71577a8327b918628b43a1964ef212ee802e9a4,DC07_01,Oncorhynchus_tshawytscha,Isotope,Otolith,Cores,Sr8786,0.70663067,NA,NA,1,2021,"Cordoleani, F., Phillis, C. C., Sturrock, A. M., FitzGerald, A. M., Malkassian, A., Whitman, G. E., ... & Johnson, R. C. (2021). Threatened salmon rely on a rare life history strategy in a warming landscape.Nature Climate Change,11(11), 982-988."
e71577a8327b918628b43a1964ef212ee802e9a4,DC07_02,Oncorhynchus_tshawytscha,Isotope,Otolith,Cores,Sr8786,0.70634267,NA,NA,1,2021,"Cordoleani, F., Phillis, C. C., Sturrock, A. M., FitzGerald, A. M., Malkassian, A., Whitman, G. E., ... & Johnson, R. C. (2021). Threatened salmon rely on a rare life history strategy in a warming landscape.Nature Climate Change,11(11), 982-988."
e71577a8327b918628b43a1964ef212ee802e9a4,DC07_06,Oncorhynchus_tshawytscha,Isotope,Otolith,Cores,Sr8786,0.70631567,NA,NA,1,2021,"Cordoleani, F., Phillis, C. C., Sturrock, A. M., FitzGerald, A. M., Malkassian, A., Whitman, G. E., ... & Johnson, R. C. (2021). Threatened salmon rely on a rare life history strategy in a warming landscape.Nature Climate Change,11(11), 982-988."
e71577a8327b918628b43a1964ef212ee802e9a4,DC07_07,Oncorhynchus_tshawytscha,Isotope,Otolith,Cores,Sr8786,0.705198,NA,NA,1,2021,"Cordoleani, F., Phillis, C. C., Sturrock, A. M., FitzGerald, A. M., Malkassian, A., Whitman, G. E., ... & Johnson, R. C. (2021). Threatened salmon rely on a rare life history strategy in a warming landscape.Nature Climate Change,11(11), 982-988."
e71577a8327b918628b43a1964ef212ee802e9a4,DC07_08,Oncorhynchus_tshawytscha,Isotope,Otolith,Cores,Sr8786,0.706218,NA,NA,1,2021,"Cordoleani, F., Phillis, C. C., Sturrock, A. M., FitzGerald, A. M., Malkassian, A., Whitman, G. E., ... & Johnson, R. C. (2021). Threatened salmon rely on a rare life history strategy in a warming landscape.Nature Climate Change,11(11), 982-988."
e71577a8327b918628b43a1964ef212ee802e9a4,DC07_09,Oncorhynchus_tshawytscha,Isotope,Otolith,Cores,Sr8786,0.70641333,NA,NA,1,2021,"Cordoleani, F., Phillis, C. C., Sturrock, A. M., FitzGerald, A. M., Malkassian, A., Whitman, G. E., ... & Johnson, R. C. (2021). Threatened salmon rely on a rare life history strategy in a warming landscape.Nature Climate Change,11(11), 982-988."
e71577a8327b918628b43a1964ef212ee802e9a4,DC07_11,Oncorhynchus_tshawytscha,Isotope,Otolith,Cores,Sr8786,0.70548067,NA,NA,1,2021,"Cordoleani, F., Phillis, C. C., Sturrock, A. M., FitzGerald, A. M., Malkassian, A., Whitman, G. E., ... & Johnson, R. C. (2021). Threatened salmon rely on a rare life history strategy in a warming landscape.Nature Climate Change,11(11), 982-988."
e71577a8327b918628b43a1964ef212ee802e9a4,DC07_12,Oncorhynchus_tshawytscha,Isotope,Otolith,Cores,Sr8786,0.70550267,NA,NA,1,2021,"Cordoleani, F., Phillis, C. C., Sturrock, A. M., FitzGerald, A. M., Malkassian, A., Whitman, G. E., ... & Johnson, R. C. (2021). Threatened salmon rely on a rare life history strategy in a warming landscape.Nature Climate Change,11(11), 982-988."
e71577a8327b918628b43a1964ef212ee802e9a4,DC07_13,Oncorhynchus_tshawytscha,Isotope,Otolith,Cores,Sr8786,0.70601333,NA,NA,1,2021,"Cordoleani, F., Phillis, C. C., Sturrock, A. M., FitzGerald, A. M., Malkassian, A., Whitman, G. E., ... & Johnson, R. C. (2021). Threatened salmon rely on a rare life history strategy in a warming landscape.Nature Climate Change,11(11), 982-988."
e71577a8327b918628b43a1964ef212ee802e9a4,DC07_14,Oncorhynchus_tshawytscha,Isotope,Otolith,Cores,Sr8786,0.70578633,NA,NA,1,2021,"Cordoleani, F., Phillis, C. C., Sturrock, A. M., FitzGerald, A. M., Malkassian, A., Whitman, G. E., ... & Johnson, R. C. (2021). Threatened salmon rely on a rare life history strategy in a warming landscape.Nature Climate Change,11(11), 982-988."
e71577a8327b918628b43a1964ef212ee802e9a4,DC07_15,Oncorhynchus_tshawytscha,Isotope,Otolith,Cores,Sr8786,0.70608867,NA,NA,1,2021,"Cordoleani, F., Phillis, C. C., Sturrock, A. M., FitzGerald, A. M., Malkassian, A., Whitman, G. E., ... & Johnson, R. C. (2021). Threatened salmon rely on a rare life history strategy in a warming landscape.Nature Climate Change,11(11), 982-988."
e71577a8327b918628b43a1964ef212ee802e9a4,DC07_16,Oncorhynchus_tshawytscha,Isotope,Otolith,Cores,Sr8786,0.706146,NA,NA,1,2021,"Cordoleani, F., Phillis, C. C., Sturrock, A. M., FitzGerald, A. M., Malkassian, A., Whitman, G. E., ... & Johnson, R. C. (2021). Threatened salmon rely on a rare life history strategy in a warming landscape.Nature Climate Change,11(11), 982-988."
e71577a8327b918628b43a1964ef212ee802e9a4,DC07_17,Oncorhynchus_tshawytscha,Isotope,Otolith,Cores,Sr8786,0.70544767,NA,NA,1,2021,"Cordoleani, F., Phillis, C. C., Sturrock, A. M., FitzGerald, A. M., Malkassian, A., Whitman, G. E., ... & Johnson, R. C. (2021). Threatened salmon rely on a rare life history strategy in a warming landscape.Nature Climate Change,11(11), 982-988."
e71577a8327b918628b43a1964ef212ee802e9a4,DC08_04,Oncorhynchus_tshawytscha,Isotope,Otolith,Cores,Sr8786,0.70650802,NA,NA,1,2021,"Cordoleani, F., Phillis, C. C., Sturrock, A. M., FitzGerald, A. M., Malkassian, A., Whitman, G. E., ... & Johnson, R. C. (2021). Threatened salmon rely on a rare life history strategy in a warming landscape.Nature Climate Change,11(11), 982-988."
e71577a8327b918628b43a1964ef212ee802e9a4,DC08_05,Oncorhynchus_tshawytscha,Isotope,Otolith,Cores,Sr8786,0.7063197,NA,NA,1,2021,"Cordoleani, F., Phillis, C. C., Sturrock, A. M., FitzGerald, A. M., Malkassian, A., Whitman, G. E., ... & Johnson, R. C. (2021). Threatened salmon rely on a rare life history strategy in a warming landscape.Nature Climate Change,11(11), 982-988."
e71577a8327b918628b43a1964ef212ee802e9a4,DC08_10,Oncorhynchus_tshawytscha,Isotope,Otolith,Cores,Sr8786,0.70629333,NA,NA,1,2021,"Cordoleani, F., Phillis, C. C., Sturrock, A. M., FitzGerald, A. M., Malkassian, A., Whitman, G. E., ... & Johnson, R. C. (2021). Threatened salmon rely on a rare life history strategy in a warming landscape.Nature Climate Change,11(11), 982-988."
e71577a8327b918628b43a1964ef212ee802e9a4,DC08_11,Oncorhynchus_tshawytscha,Isotope,Otolith,Cores,Sr8786,0.70635333,NA,NA,1,2021,"Cordoleani, F., Phillis, C. C., Sturrock, A. M., FitzGerald, A. M., Malkassian, A., Whitman, G. E., ... & Johnson, R. C. (2021). Threatened salmon rely on a rare life history strategy in a warming landscape.Nature Climate Change,11(11), 982-988."
e71577a8327b918628b43a1964ef212ee802e9a4,DC08_12,Oncorhynchus_tshawytscha,Isotope,Otolith,Cores,Sr8786,0.70529667,NA,NA,1,2021,"Cordoleani, F., Phillis, C. C., Sturrock, A. M., FitzGerald, A. M., Malkassian, A., Whitman, G. E., ... & Johnson, R. C. (2021). Threatened salmon rely on a rare life history strategy in a warming landscape.Nature Climate Change,11(11), 982-988."
e71577a8327b918628b43a1964ef212ee802e9a4,DC08_13,Oncorhynchus_tshawytscha,Isotope,Otolith,Cores,Sr8786,0.70632333,NA,NA,1,2021,"Cordoleani, F., Phillis, C. C., Sturrock, A. M., FitzGerald, A. M., Malkassian, A., Whitman, G. E., ... & Johnson, R. C. (2021). Threatened salmon rely on a rare life history strategy in a warming landscape.Nature Climate Change,11(11), 982-988."
e71577a8327b918628b43a1964ef212ee802e9a4,DC08_14,Oncorhynchus_tshawytscha,Isotope,Otolith,Cores,Sr8786,0.70635779,NA,NA,1,2021,"Cordoleani, F., Phillis, C. C., Sturrock, A. M., FitzGerald, A. M., Malkassian, A., Whitman, G. E., ... & Johnson, R. C. (2021). Threatened salmon rely on a rare life history strategy in a warming landscape.Nature Climate Change,11(11), 982-988."
e71577a8327b918628b43a1964ef212ee802e9a4,DC08_23,Oncorhynchus_tshawytscha,Isotope,Otolith,Cores,Sr8786,0.70574669,NA,NA,1,2021,"Cordoleani, F., Phillis, C. C., Sturrock, A. M., FitzGerald, A. M., Malkassian, A., Whitman, G. E., ... & Johnson, R. C. (2021). Threatened salmon rely on a rare life history strategy in a warming landscape.Nature Climate Change,11(11), 982-988."
e71577a8327b918628b43a1964ef212ee802e9a4,DC08_24,Oncorhynchus_tshawytscha,Isotope,Otolith,Cores,Sr8786,0.70667333,NA,NA,1,2021,"Cordoleani, F., Phillis, C. C., Sturrock, A. M., FitzGerald, A. M., Malkassian, A., Whitman, G. E., ... & Johnson, R. C. (2021). Threatened salmon rely on a rare life history strategy in a warming landscape.Nature Climate Change,11(11), 982-988."
e71577a8327b918628b43a1964ef212ee802e9a4,DC08_25,Oncorhynchus_tshawytscha,Isotope,Otolith,Cores,Sr8786,0.70667,NA,NA,1,2021,"Cordoleani, F., Phillis, C. C., Sturrock, A. M., FitzGerald, A. M., Malkassian, A., Whitman, G. E., ... & Johnson, R. C. (2021). Threatened salmon rely on a rare life history strategy in a warming landscape.Nature Climate Change,11(11), 982-988."
e71577a8327b918628b43a1964ef212ee802e9a4,DC08_26,Oncorhynchus_tshawytscha,Isotope,Otolith,Cores,Sr8786,0.70656777,NA,NA,1,2021,"Cordoleani, F., Phillis, C. C., Sturrock, A. M., FitzGerald, A. M., Malkassian, A., Whitman, G. E., ... & Johnson, R. C. (2021). Threatened salmon rely on a rare life history strategy in a warming landscape.Nature Climate Change,11(11), 982-988."
e71577a8327b918628b43a1964ef212ee802e9a4,DC08_27,Oncorhynchus_tshawytscha,Isotope,Otolith,Cores,Sr8786,0.70634273,NA,NA,1,2021,"Cordoleani, F., Phillis, C. C., Sturrock, A. M., FitzGerald, A. M., Malkassian, A., Whitman, G. E., ... & Johnson, R. C. (2021). Threatened salmon rely on a rare life history strategy in a warming landscape.Nature Climate Change,11(11), 982-988."
e71577a8327b918628b43a1964ef212ee802e9a4,DC14_68521,Oncorhynchus_tshawytscha,Isotope,Otolith,Cores,Sr8786,0.70645961,NA,NA,1,2021,"Cordoleani, F., Phillis, C. C., Sturrock, A. M., FitzGerald, A. M., Malkassian, A., Whitman, G. E., ... & Johnson, R. C. (2021). Threatened salmon rely on a rare life history strategy in a warming landscape.Nature Climate Change,11(11), 982-988."
e71577a8327b918628b43a1964ef212ee802e9a4,DC18_18974,Oncorhynchus_tshawytscha,Isotope,Otolith,Cores,Sr8786,0.70586405,NA,NA,1,2021,"Cordoleani, F., Phillis, C. C., Sturrock, A. M., FitzGerald, A. M., Malkassian, A., Whitman, G. E., ... & Johnson, R. C. (2021). Threatened salmon rely on a rare life history strategy in a warming landscape.Nature Climate Change,11(11), 982-988."
e71577a8327b918628b43a1964ef212ee802e9a4,DC18_18975,Oncorhynchus_tshawytscha,Isotope,Otolith,Cores,Sr8786,0.70650215,NA,NA,1,2021,"Cordoleani, F., Phillis, C. C., Sturrock, A. M., FitzGerald, A. M., Malkassian, A., Whitman, G. E., ... & Johnson, R. C. (2021). Threatened salmon rely on a rare life history strategy in a warming landscape.Nature Climate Change,11(11), 982-988."
e71577a8327b918628b43a1964ef212ee802e9a4,DC18_18976,Oncorhynchus_tshawytscha,Isotope,Otolith,Cores,Sr8786,0.70684124,NA,NA,1,2021,"Cordoleani, F., Phillis, C. C., Sturrock, A. M., FitzGerald, A. M., Malkassian, A., Whitman, G. E., ... & Johnson, R. C. (2021). Threatened salmon rely on a rare life history strategy in a warming landscape.Nature Climate Change,11(11), 982-988."
e71577a8327b918628b43a1964ef212ee802e9a4,DC18_18977,Oncorhynchus_tshawytscha,Isotope,Otolith,Cores,Sr8786,0.70677072,NA,NA,1,2021,"Cordoleani, F., Phillis, C. C., Sturrock, A. M., FitzGerald, A. M., Malkassian, A., Whitman, G. E., ... & Johnson, R. C. (2021). Threatened salmon rely on a rare life history strategy in a warming landscape.Nature Climate Change,11(11), 982-988."
e71577a8327b918628b43a1964ef212ee802e9a4,DC18_18978,Oncorhynchus_tshawytscha,Isotope,Otolith,Cores,Sr8786,0.70684053,NA,NA,1,2021,"Cordoleani, F., Phillis, C. C., Sturrock, A. M., FitzGerald, A. M., Malkassian, A., Whitman, G. E., ... & Johnson, R. C. (2021). Threatened salmon rely on a rare life history strategy in a warming landscape.Nature Climate Change,11(11), 982-988."
e71577a8327b918628b43a1964ef212ee802e9a4,DC18_18979,Oncorhynchus_tshawytscha,Isotope,Otolith,Cores,Sr8786,0.70519406,NA,NA,1,2021,"Cordoleani, F., Phillis, C. C., Sturrock, A. M., FitzGerald, A. M., Malkassian, A., Whitman, G. E., ... & Johnson, R. C. (2021). Threatened salmon rely on a rare life history strategy in a warming landscape.Nature Climate Change,11(11), 982-988."
e71577a8327b918628b43a1964ef212ee802e9a4,DC18_18980,Oncorhynchus_tshawytscha,Isotope,Otolith,Cores,Sr8786,0.70646167,NA,NA,1,2021,"Cordoleani, F., Phillis, C. C., Sturrock, A. M., FitzGerald, A. M., Malkassian, A., Whitman, G. E., ... & Johnson, R. C. (2021). Threatened salmon rely on a rare life history strategy in a warming landscape.Nature Climate Change,11(11), 982-988."
e71577a8327b918628b43a1964ef212ee802e9a4,DC18_18981,Oncorhynchus_tshawytscha,Isotope,Otolith,Cores,Sr8786,0.70626461,NA,NA,1,2021,"Cordoleani, F., Phillis, C. C., Sturrock, A. M., FitzGerald, A. M., Malkassian, A., Whitman, G. E., ... & Johnson, R. C. (2021). Threatened salmon rely on a rare life history strategy in a warming landscape.Nature Climate Change,11(11), 982-988."
e71577a8327b918628b43a1964ef212ee802e9a4,DC18_18982,Oncorhynchus_tshawytscha,Isotope,Otolith,Cores,Sr8786,0.7065549,NA,NA,1,2021,"Cordoleani, F., Phillis, C. C., Sturrock, A. M., FitzGerald, A. M., Malkassian, A., Whitman, G. E., ... & Johnson, R. C. (2021). Threatened salmon rely on a rare life history strategy in a warming landscape.Nature Climate Change,11(11), 982-988."
e71577a8327b918628b43a1964ef212ee802e9a4,DC18_18983,Oncorhynchus_tshawytscha,Isotope,Otolith,Cores,Sr8786,0.70703211,NA,NA,1,2021,"Cordoleani, F., Phillis, C. C., Sturrock, A. M., FitzGerald, A. M., Malkassian, A., Whitman, G. E., ... & Johnson, R. C. (2021). Threatened salmon rely on a rare life history strategy in a warming landscape.Nature Climate Change,11(11), 982-988."
e71577a8327b918628b43a1964ef212ee802e9a4,DC18_18984,Oncorhynchus_tshawytscha,Isotope,Otolith,Cores,Sr8786,0.70672189,NA,NA,1,2021,"Cordoleani, F., Phillis, C. C., Sturrock, A. M., FitzGerald, A. M., Malkassian, A., Whitman, G. E., ... & Johnson, R. C. (2021). Threatened salmon rely on a rare life history strategy in a warming landscape.Nature Climate Change,11(11), 982-988."
e71577a8327b918628b43a1964ef212ee802e9a4,DC18_18985,Oncorhynchus_tshawytscha,Isotope,Otolith,Cores,Sr8786,0.70696942,NA,NA,1,2021,"Cordoleani, F., Phillis, C. C., Sturrock, A. M., FitzGerald, A. M., Malkassian, A., Whitman, G. E., ... & Johnson, R. C. (2021). Threatened salmon rely on a rare life history strategy in a warming landscape.Nature Climate Change,11(11), 982-988."
e71577a8327b918628b43a1964ef212ee802e9a4,DC18_18986,Oncorhynchus_tshawytscha,Isotope,Otolith,Cores,Sr8786,0.7064276,NA,NA,1,2021,"Cordoleani, F., Phillis, C. C., Sturrock, A. M., FitzGerald, A. M., Malkassian, A., Whitman, G. E., ... & Johnson, R. C. (2021). Threatened salmon rely on a rare life history strategy in a warming landscape.Nature Climate Change,11(11), 982-988."
e71577a8327b918628b43a1964ef212ee802e9a4,DC18_18987,Oncorhynchus_tshawytscha,Isotope,Otolith,Cores,Sr8786,0.70630157,NA,NA,1,2021,"Cordoleani, F., Phillis, C. C., Sturrock, A. M., FitzGerald, A. M., Malkassian, A., Whitman, G. E., ... & Johnson, R. C. (2021). Threatened salmon rely on a rare life history strategy in a warming landscape.Nature Climate Change,11(11), 982-988."
e71577a8327b918628b43a1964ef212ee802e9a4,DC18_18988,Oncorhynchus_tshawytscha,Isotope,Otolith,Cores,Sr8786,0.70628773,NA,NA,1,2021,"Cordoleani, F., Phillis, C. C., Sturrock, A. M., FitzGerald, A. M., Malkassian, A., Whitman, G. E., ... & Johnson, R. C. (2021). Threatened salmon rely on a rare life history strategy in a warming landscape.Nature Climate Change,11(11), 982-988."
e71577a8327b918628b43a1964ef212ee802e9a4,DC18_68501,Oncorhynchus_tshawytscha,Isotope,Otolith,Cores,Sr8786,0.70595994,NA,NA,1,2021,"Cordoleani, F., Phillis, C. C., Sturrock, A. M., FitzGerald, A. M., Malkassian, A., Whitman, G. E., ... & Johnson, R. C. (2021). Threatened salmon rely on a rare life history strategy in a warming landscape.Nature Climate Change,11(11), 982-988."
e71577a8327b918628b43a1964ef212ee802e9a4,DC18_68502,Oncorhynchus_tshawytscha,Isotope,Otolith,Cores,Sr8786,0.70655731,NA,NA,1,2021,"Cordoleani, F., Phillis, C. C., Sturrock, A. M., FitzGerald, A. M., Malkassian, A., Whitman, G. E., ... & Johnson, R. C. (2021). Threatened salmon rely on a rare life history strategy in a warming landscape.Nature Climate Change,11(11), 982-988."
e71577a8327b918628b43a1964ef212ee802e9a4,DC18_68503,Oncorhynchus_tshawytscha,Isotope,Otolith,Cores,Sr8786,0.70619669,NA,NA,1,2021,"Cordoleani, F., Phillis, C. C., Sturrock, A. M., FitzGerald, A. M., Malkassian, A., Whitman, G. E., ... & Johnson, R. C. (2021). Threatened salmon rely on a rare life history strategy in a warming landscape.Nature Climate Change,11(11), 982-988."
e71577a8327b918628b43a1964ef212ee802e9a4,DC18_68504,Oncorhynchus_tshawytscha,Isotope,Otolith,Cores,Sr8786,0.70679149,NA,NA,1,2021,"Cordoleani, F., Phillis, C. C., Sturrock, A. M., FitzGerald, A. M., Malkassian, A., Whitman, G. E., ... & Johnson, R. C. (2021). Threatened salmon rely on a rare life history strategy in a warming landscape.Nature Climate Change,11(11), 982-988."
e71577a8327b918628b43a1964ef212ee802e9a4,DC18_68505,Oncorhynchus_tshawytscha,Isotope,Otolith,Cores,Sr8786,0.70656158,NA,NA,1,2021,"Cordoleani, F., Phillis, C. C., Sturrock, A. M., FitzGerald, A. M., Malkassian, A., Whitman, G. E., ... & Johnson, R. C. (2021). Threatened salmon rely on a rare life history strategy in a warming landscape.Nature Climate Change,11(11), 982-988."
e71577a8327b918628b43a1964ef212ee802e9a4,DC18_68506,Oncorhynchus_tshawytscha,Isotope,Otolith,Cores,Sr8786,0.70608864,NA,NA,1,2021,"Cordoleani, F., Phillis, C. C., Sturrock, A. M., FitzGerald, A. M., Malkassian, A., Whitman, G. E., ... & Johnson, R. C. (2021). Threatened salmon rely on a rare life history strategy in a warming landscape.Nature Climate Change,11(11), 982-988."
e71577a8327b918628b43a1964ef212ee802e9a4,DC18_68507,Oncorhynchus_tshawytscha,Isotope,Otolith,Cores,Sr8786,0.70620576,NA,NA,1,2021,"Cordoleani, F., Phillis, C. C., Sturrock, A. M., FitzGerald, A. M., Malkassian, A., Whitman, G. E., ... & Johnson, R. C. (2021). Threatened salmon rely on a rare life history strategy in a warming landscape.Nature Climate Change,11(11), 982-988."
e71577a8327b918628b43a1964ef212ee802e9a4,DC18_68508,Oncorhynchus_tshawytscha,Isotope,Otolith,Cores,Sr8786,0.70631186,NA,NA,1,2021,"Cordoleani, F., Phillis, C. C., Sturrock, A. M., FitzGerald, A. M., Malkassian, A., Whitman, G. E., ... & Johnson, R. C. (2021). Threatened salmon rely on a rare life history strategy in a warming landscape.Nature Climate Change,11(11), 982-988."
e71577a8327b918628b43a1964ef212ee802e9a4,DC18_68509,Oncorhynchus_tshawytscha,Isotope,Otolith,Cores,Sr8786,0.70640355,NA,NA,1,2021,"Cordoleani, F., Phillis, C. C., Sturrock, A. M., FitzGerald, A. M., Malkassian, A., Whitman, G. E., ... & Johnson, R. C. (2021). Threatened salmon rely on a rare life history strategy in a warming landscape.Nature Climate Change,11(11), 982-988."
e71577a8327b918628b43a1964ef212ee802e9a4,DC18_68510,Oncorhynchus_tshawytscha,Isotope,Otolith,Cores,Sr8786,0.7066953,NA,NA,1,2021,"Cordoleani, F., Phillis, C. C., Sturrock, A. M., FitzGerald, A. M., Malkassian, A., Whitman, G. E., ... & Johnson, R. C. (2021). Threatened salmon rely on a rare life history strategy in a warming landscape.Nature Climate Change,11(11), 982-988."
e71577a8327b918628b43a1964ef212ee802e9a4,DC18_68511,Oncorhynchus_tshawytscha,Isotope,Otolith,Cores,Sr8786,0.70611338,NA,NA,1,2021,"Cordoleani, F., Phillis, C. C., Sturrock, A. M., FitzGerald, A. M., Malkassian, A., Whitman, G. E., ... & Johnson, R. C. (2021). Threatened salmon rely on a rare life history strategy in a warming landscape.Nature Climate Change,11(11), 982-988."
e71577a8327b918628b43a1964ef212ee802e9a4,DC18_68512,Oncorhynchus_tshawytscha,Isotope,Otolith,Cores,Sr8786,0.70720576,NA,NA,1,2021,"Cordoleani, F., Phillis, C. C., Sturrock, A. M., FitzGerald, A. M., Malkassian, A., Whitman, G. E., ... & Johnson, R. C. (2021). Threatened salmon rely on a rare life history strategy in a warming landscape.Nature Climate Change,11(11), 982-988."
e71577a8327b918628b43a1964ef212ee802e9a4,DC18_68513,Oncorhynchus_tshawytscha,Isotope,Otolith,Cores,Sr8786,0.70653235,NA,NA,1,2021,"Cordoleani, F., Phillis, C. C., Sturrock, A. M., FitzGerald, A. M., Malkassian, A., Whitman, G. E., ... & Johnson, R. C. (2021). Threatened salmon rely on a rare life history strategy in a warming landscape.Nature Climate Change,11(11), 982-988."
e71577a8327b918628b43a1964ef212ee802e9a4,DC18_68515,Oncorhynchus_tshawytscha,Isotope,Otolith,Cores,Sr8786,0.70629521,NA,NA,1,2021,"Cordoleani, F., Phillis, C. C., Sturrock, A. M., FitzGerald, A. M., Malkassian, A., Whitman, G. E., ... & Johnson, R. C. (2021). Threatened salmon rely on a rare life history strategy in a warming landscape.Nature Climate Change,11(11), 982-988."
e71577a8327b918628b43a1964ef212ee802e9a4,DC18_68516,Oncorhynchus_tshawytscha,Isotope,Otolith,Cores,Sr8786,0.70609598,NA,NA,1,2021,"Cordoleani, F., Phillis, C. C., Sturrock, A. M., FitzGerald, A. M., Malkassian, A., Whitman, G. E., ... & Johnson, R. C. (2021). Threatened salmon rely on a rare life history strategy in a warming landscape.Nature Climate Change,11(11), 982-988."
e71577a8327b918628b43a1964ef212ee802e9a4,DC18_68517,Oncorhynchus_tshawytscha,Isotope,Otolith,Cores,Sr8786,0.70655064,NA,NA,1,2021,"Cordoleani, F., Phillis, C. C., Sturrock, A. M., FitzGerald, A. M., Malkassian, A., Whitman, G. E., ... & Johnson, R. C. (2021). Threatened salmon rely on a rare life history strategy in a warming landscape.Nature Climate Change,11(11), 982-988."
e71577a8327b918628b43a1964ef212ee802e9a4,DC18_68518,Oncorhynchus_tshawytscha,Isotope,Otolith,Cores,Sr8786,0.70645229,NA,NA,1,2021,"Cordoleani, F., Phillis, C. C., Sturrock, A. M., FitzGerald, A. M., Malkassian, A., Whitman, G. E., ... & Johnson, R. C. (2021). Threatened salmon rely on a rare life history strategy in a warming landscape.Nature Climate Change,11(11), 982-988."
e71577a8327b918628b43a1964ef212ee802e9a4,DC18_68519,Oncorhynchus_tshawytscha,Isotope,Otolith,Cores,Sr8786,0.70682262,NA,NA,1,2021,"Cordoleani, F., Phillis, C. C., Sturrock, A. M., FitzGerald, A. M., Malkassian, A., Whitman, G. E., ... & Johnson, R. C. (2021). Threatened salmon rely on a rare life history strategy in a warming landscape.Nature Climate Change,11(11), 982-988."
e71577a8327b918628b43a1964ef212ee802e9a4,DC18_68520,Oncorhynchus_tshawytscha,Isotope,Otolith,Cores,Sr8786,0.70447375,NA,NA,1,2021,"Cordoleani, F., Phillis, C. C., Sturrock, A. M., FitzGerald, A. M., Malkassian, A., Whitman, G. E., ... & Johnson, R. C. (2021). Threatened salmon rely on a rare life history strategy in a warming landscape.Nature Climate Change,11(11), 982-988."
e71577a8327b918628b43a1964ef212ee802e9a4,FC001-1005-2012,Oncorhynchus_tshawytscha,Isotope,Otolith,Cores,Sr8786,0.70576218,NA,NA,1,2021,"Cordoleani, F., Phillis, C. C., Sturrock, A. M., FitzGerald, A. M., Malkassian, A., Whitman, G. E., ... & Johnson, R. C. (2021). Threatened salmon rely on a rare life history strategy in a warming landscape.Nature Climate Change,11(11), 982-988."
e71577a8327b918628b43a1964ef212ee802e9a4,FC001-1012-2012,Oncorhynchus_tshawytscha,Isotope,Otolith,Cores,Sr8786,0.70608167,NA,NA,1,2021,"Cordoleani, F., Phillis, C. C., Sturrock, A. M., FitzGerald, A. M., Malkassian, A., Whitman, G. E., ... & Johnson, R. C. (2021). Threatened salmon rely on a rare life history strategy in a warming landscape.Nature Climate Change,11(11), 982-988."
e71577a8327b918628b43a1964ef212ee802e9a4,FC002-1008-2012,Oncorhynchus_tshawytscha,Isotope,Otolith,Cores,Sr8786,0.70652626,NA,NA,1,2021,"Cordoleani, F., Phillis, C. C., Sturrock, A. M., FitzGerald, A. M., Malkassian, A., Whitman, G. E., ... & Johnson, R. C. (2021). Threatened salmon rely on a rare life history strategy in a warming landscape.Nature Climate Change,11(11), 982-988."
e71577a8327b918628b43a1964ef212ee802e9a4,FC003-1008-2012,Oncorhynchus_tshawytscha,Isotope,Otolith,Cores,Sr8786,0.70625889,NA,NA,1,2021,"Cordoleani, F., Phillis, C. C., Sturrock, A. M., FitzGerald, A. M., Malkassian, A., Whitman, G. E., ... & Johnson, R. C. (2021). Threatened salmon rely on a rare life history strategy in a warming landscape.Nature Climate Change,11(11), 982-988."
e71577a8327b918628b43a1964ef212ee802e9a4,FC004-1008-2012,Oncorhynchus_tshawytscha,Isotope,Otolith,Cores,Sr8786,0.70647947,NA,NA,1,2021,"Cordoleani, F., Phillis, C. C., Sturrock, A. M., FitzGerald, A. M., Malkassian, A., Whitman, G. E., ... & Johnson, R. C. (2021). Threatened salmon rely on a rare life history strategy in a warming landscape.Nature Climate Change,11(11), 982-988."
e71577a8327b918628b43a1964ef212ee802e9a4,FC005-1008-2012,Oncorhynchus_tshawytscha,Isotope,Otolith,Cores,Sr8786,0.70579033,NA,NA,1,2021,"Cordoleani, F., Phillis, C. C., Sturrock, A. M., FitzGerald, A. M., Malkassian, A., Whitman, G. E., ... & Johnson, R. C. (2021). Threatened salmon rely on a rare life history strategy in a warming landscape.Nature Climate Change,11(11), 982-988."
e71577a8327b918628b43a1964ef212ee802e9a4,FC006-1008-2012,Oncorhynchus_tshawytscha,Isotope,Otolith,Cores,Sr8786,0.70598223,NA,NA,1,2021,"Cordoleani, F., Phillis, C. C., Sturrock, A. M., FitzGerald, A. M., Malkassian, A., Whitman, G. E., ... & Johnson, R. C. (2021). Threatened salmon rely on a rare life history strategy in a warming landscape.Nature Climate Change,11(11), 982-988."
e71577a8327b918628b43a1964ef212ee802e9a4,FC007-1008-2012,Oncorhynchus_tshawytscha,Isotope,Otolith,Cores,Sr8786,0.70644361,NA,NA,1,2021,"Cordoleani, F., Phillis, C. C., Sturrock, A. M., FitzGerald, A. M., Malkassian, A., Whitman, G. E., ... & Johnson, R. C. (2021). Threatened salmon rely on a rare life history strategy in a warming landscape.Nature Climate Change,11(11), 982-988."
e71577a8327b918628b43a1964ef212ee802e9a4,FC008-1008-2012,Oncorhynchus_tshawytscha,Isotope,Otolith,Cores,Sr8786,0.7062043,NA,NA,1,2021,"Cordoleani, F., Phillis, C. C., Sturrock, A. M., FitzGerald, A. M., Malkassian, A., Whitman, G. E., ... & Johnson, R. C. (2021). Threatened salmon rely on a rare life history strategy in a warming landscape.Nature Climate Change,11(11), 982-988."
e71577a8327b918628b43a1964ef212ee802e9a4,FC011-1005-2012,Oncorhynchus_tshawytscha,Isotope,Otolith,Cores,Sr8786,0.70652258,NA,NA,1,2021,"Cordoleani, F., Phillis, C. C., Sturrock, A. M., FitzGerald, A. M., Malkassian, A., Whitman, G. E., ... & Johnson, R. C. (2021). Threatened salmon rely on a rare life history strategy in a warming landscape.Nature Climate Change,11(11), 982-988."
e71577a8327b918628b43a1964ef212ee802e9a4,FC012-1005-2012,Oncorhynchus_tshawytscha,Isotope,Otolith,Cores,Sr8786,0.70565418,NA,NA,1,2021,"Cordoleani, F., Phillis, C. C., Sturrock, A. M., FitzGerald, A. M., Malkassian, A., Whitman, G. E., ... & Johnson, R. C. (2021). Threatened salmon rely on a rare life history strategy in a warming landscape.Nature Climate Change,11(11), 982-988."
e71577a8327b918628b43a1964ef212ee802e9a4,FC10/3/2014 #1,Oncorhynchus_tshawytscha,Isotope,Otolith,Cores,Sr8786,0.70567284,NA,NA,1,2021,"Cordoleani, F., Phillis, C. C., Sturrock, A. M., FitzGerald, A. M., Malkassian, A., Whitman, G. E., ... & Johnson, R. C. (2021). Threatened salmon rely on a rare life history strategy in a warming landscape.Nature Climate Change,11(11), 982-988."
e71577a8327b918628b43a1964ef212ee802e9a4,FC10/3/2014 #2,Oncorhynchus_tshawytscha,Isotope,Otolith,Cores,Sr8786,0.70635292,NA,NA,1,2021,"Cordoleani, F., Phillis, C. C., Sturrock, A. M., FitzGerald, A. M., Malkassian, A., Whitman, G. E., ... & Johnson, R. C. (2021). Threatened salmon rely on a rare life history strategy in a warming landscape.Nature Climate Change,11(11), 982-988."
e71577a8327b918628b43a1964ef212ee802e9a4,FC10/3/2014 #3,Oncorhynchus_tshawytscha,Isotope,Otolith,Cores,Sr8786,0.70654887,NA,NA,1,2021,"Cordoleani, F., Phillis, C. C., Sturrock, A. M., FitzGerald, A. M., Malkassian, A., Whitman, G. E., ... & Johnson, R. C. (2021). Threatened salmon rely on a rare life history strategy in a warming landscape.Nature Climate Change,11(11), 982-988."
e71577a8327b918628b43a1964ef212ee802e9a4,FC10-09-14-#1,Oncorhynchus_tshawytscha,Isotope,Otolith,Cores,Sr8786,0.70597835,NA,NA,1,2021,"Cordoleani, F., Phillis, C. C., Sturrock, A. M., FitzGerald, A. M., Malkassian, A., Whitman, G. E., ... & Johnson, R. C. (2021). Threatened salmon rely on a rare life history strategy in a warming landscape.Nature Climate Change,11(11), 982-988."
e71577a8327b918628b43a1964ef212ee802e9a4,FC10-10-14 #1,Oncorhynchus_tshawytscha,Isotope,Otolith,Cores,Sr8786,0.70655222,NA,NA,1,2021,"Cordoleani, F., Phillis, C. C., Sturrock, A. M., FitzGerald, A. M., Malkassian, A., Whitman, G. E., ... & Johnson, R. C. (2021). Threatened salmon rely on a rare life history strategy in a warming landscape.Nature Climate Change,11(11), 982-988."
e71577a8327b918628b43a1964ef212ee802e9a4,FC10-10-14 #2,Oncorhynchus_tshawytscha,Isotope,Otolith,Cores,Sr8786,0.70657832,NA,NA,1,2021,"Cordoleani, F., Phillis, C. C., Sturrock, A. M., FitzGerald, A. M., Malkassian, A., Whitman, G. E., ... & Johnson, R. C. (2021). Threatened salmon rely on a rare life history strategy in a warming landscape.Nature Climate Change,11(11), 982-988."
e71577a8327b918628b43a1964ef212ee802e9a4,FC10-10-14 #3,Oncorhynchus_tshawytscha,Isotope,Otolith,Cores,Sr8786,0.70601455,NA,NA,1,2021,"Cordoleani, F., Phillis, C. C., Sturrock, A. M., FitzGerald, A. M., Malkassian, A., Whitman, G. E., ... & Johnson, R. C. (2021). Threatened salmon rely on a rare life history strategy in a warming landscape.Nature Climate Change,11(11), 982-988."
e71577a8327b918628b43a1964ef212ee802e9a4,FC10-11-13-001,Oncorhynchus_tshawytscha,Isotope,Otolith,Cores,Sr8786,0.70617579,NA,NA,1,2021,"Cordoleani, F., Phillis, C. C., Sturrock, A. M., FitzGerald, A. M., Malkassian, A., Whitman, G. E., ... & Johnson, R. C. (2021). Threatened salmon rely on a rare life history strategy in a warming landscape.Nature Climate Change,11(11), 982-988."
e71577a8327b918628b43a1964ef212ee802e9a4,FC10-11-13-003,Oncorhynchus_tshawytscha,Isotope,Otolith,Cores,Sr8786,0.70638834,NA,NA,1,2021,"Cordoleani, F., Phillis, C. C., Sturrock, A. M., FitzGerald, A. M., Malkassian, A., Whitman, G. E., ... & Johnson, R. C. (2021). Threatened salmon rely on a rare life history strategy in a warming landscape.Nature Climate Change,11(11), 982-988."
e71577a8327b918628b43a1964ef212ee802e9a4,FC10-11-13-004,Oncorhynchus_tshawytscha,Isotope,Otolith,Cores,Sr8786,0.70636737,NA,NA,1,2021,"Cordoleani, F., Phillis, C. C., Sturrock, A. M., FitzGerald, A. M., Malkassian, A., Whitman, G. E., ... & Johnson, R. C. (2021). Threatened salmon rely on a rare life history strategy in a warming landscape.Nature Climate Change,11(11), 982-988."
e71577a8327b918628b43a1964ef212ee802e9a4,FC10-11-13-005,Oncorhynchus_tshawytscha,Isotope,Otolith,Cores,Sr8786,0.70690356,NA,NA,1,2021,"Cordoleani, F., Phillis, C. C., Sturrock, A. M., FitzGerald, A. M., Malkassian, A., Whitman, G. E., ... & Johnson, R. C. (2021). Threatened salmon rely on a rare life history strategy in a warming landscape.Nature Climate Change,11(11), 982-988."
e71577a8327b918628b43a1964ef212ee802e9a4,FC10-11-13-006,Oncorhynchus_tshawytscha,Isotope,Otolith,Cores,Sr8786,0.70628458,NA,NA,1,2021,"Cordoleani, F., Phillis, C. C., Sturrock, A. M., FitzGerald, A. M., Malkassian, A., Whitman, G. E., ... & Johnson, R. C. (2021). Threatened salmon rely on a rare life history strategy in a warming landscape.Nature Climate Change,11(11), 982-988."
e71577a8327b918628b43a1964ef212ee802e9a4,FC10-1-13 001,Oncorhynchus_tshawytscha,Isotope,Otolith,Cores,Sr8786,0.70598056,NA,NA,1,2021,"Cordoleani, F., Phillis, C. C., Sturrock, A. M., FitzGerald, A. M., Malkassian, A., Whitman, G. E., ... & Johnson, R. C. (2021). Threatened salmon rely on a rare life history strategy in a warming landscape.Nature Climate Change,11(11), 982-988."
e71577a8327b918628b43a1964ef212ee802e9a4,FC10-13-14-01,Oncorhynchus_tshawytscha,Isotope,Otolith,Cores,Sr8786,0.70630987,NA,NA,1,2021,"Cordoleani, F., Phillis, C. C., Sturrock, A. M., FitzGerald, A. M., Malkassian, A., Whitman, G. E., ... & Johnson, R. C. (2021). Threatened salmon rely on a rare life history strategy in a warming landscape.Nature Climate Change,11(11), 982-988."
e71577a8327b918628b43a1964ef212ee802e9a4,FC10-14-13-01,Oncorhynchus_tshawytscha,Isotope,Otolith,Cores,Sr8786,0.70682933,NA,NA,1,2021,"Cordoleani, F., Phillis, C. C., Sturrock, A. M., FitzGerald, A. M., Malkassian, A., Whitman, G. E., ... & Johnson, R. C. (2021). Threatened salmon rely on a rare life history strategy in a warming landscape.Nature Climate Change,11(11), 982-988."
e71577a8327b918628b43a1964ef212ee802e9a4,FC10-14-13-03,Oncorhynchus_tshawytscha,Isotope,Otolith,Cores,Sr8786,0.70653309,NA,NA,1,2021,"Cordoleani, F., Phillis, C. C., Sturrock, A. M., FitzGerald, A. M., Malkassian, A., Whitman, G. E., ... & Johnson, R. C. (2021). Threatened salmon rely on a rare life history strategy in a warming landscape.Nature Climate Change,11(11), 982-988."
e71577a8327b918628b43a1964ef212ee802e9a4,FC10-14-13-04,Oncorhynchus_tshawytscha,Isotope,Otolith,Cores,Sr8786,0.70655522,NA,NA,1,2021,"Cordoleani, F., Phillis, C. C., Sturrock, A. M., FitzGerald, A. M., Malkassian, A., Whitman, G. E., ... & Johnson, R. C. (2021). Threatened salmon rely on a rare life history strategy in a warming landscape.Nature Climate Change,11(11), 982-988."
e71577a8327b918628b43a1964ef212ee802e9a4,FC10-14-13-05,Oncorhynchus_tshawytscha,Isotope,Otolith,Cores,Sr8786,0.70659908,NA,NA,1,2021,"Cordoleani, F., Phillis, C. C., Sturrock, A. M., FitzGerald, A. M., Malkassian, A., Whitman, G. E., ... & Johnson, R. C. (2021). Threatened salmon rely on a rare life history strategy in a warming landscape.Nature Climate Change,11(11), 982-988."
e71577a8327b918628b43a1964ef212ee802e9a4,FC10-16-14 #1,Oncorhynchus_tshawytscha,Isotope,Otolith,Cores,Sr8786,0.70623274,NA,NA,1,2021,"Cordoleani, F., Phillis, C. C., Sturrock, A. M., FitzGerald, A. M., Malkassian, A., Whitman, G. E., ... & Johnson, R. C. (2021). Threatened salmon rely on a rare life history strategy in a warming landscape.Nature Climate Change,11(11), 982-988."
e71577a8327b918628b43a1964ef212ee802e9a4,FC10162014001,Oncorhynchus_tshawytscha,Isotope,Otolith,Cores,Sr8786,0.70619587,NA,NA,1,2021,"Cordoleani, F., Phillis, C. C., Sturrock, A. M., FitzGerald, A. M., Malkassian, A., Whitman, G. E., ... & Johnson, R. C. (2021). Threatened salmon rely on a rare life history strategy in a warming landscape.Nature Climate Change,11(11), 982-988."
e71577a8327b918628b43a1964ef212ee802e9a4,FC10162014002,Oncorhynchus_tshawytscha,Isotope,Otolith,Cores,Sr8786,0.70566767,NA,NA,1,2021,"Cordoleani, F., Phillis, C. C., Sturrock, A. M., FitzGerald, A. M., Malkassian, A., Whitman, G. E., ... & Johnson, R. C. (2021). Threatened salmon rely on a rare life history strategy in a warming landscape.Nature Climate Change,11(11), 982-988."
e71577a8327b918628b43a1964ef212ee802e9a4,FC10162014003,Oncorhynchus_tshawytscha,Isotope,Otolith,Cores,Sr8786,0.7070605,NA,NA,1,2021,"Cordoleani, F., Phillis, C. C., Sturrock, A. M., FitzGerald, A. M., Malkassian, A., Whitman, G. E., ... & Johnson, R. C. (2021). Threatened salmon rely on a rare life history strategy in a warming landscape.Nature Climate Change,11(11), 982-988."
e71577a8327b918628b43a1964ef212ee802e9a4,FC10-4-13-001,Oncorhynchus_tshawytscha,Isotope,Otolith,Cores,Sr8786,0.70659476,NA,NA,1,2021,"Cordoleani, F., Phillis, C. C., Sturrock, A. M., FitzGerald, A. M., Malkassian, A., Whitman, G. E., ... & Johnson, R. C. (2021). Threatened salmon rely on a rare life history strategy in a warming landscape.Nature Climate Change,11(11), 982-988."
e71577a8327b918628b43a1964ef212ee802e9a4,FC10-9-001,Oncorhynchus_tshawytscha,Isotope,Otolith,Cores,Sr8786,0.70624118,NA,NA,1,2021,"Cordoleani, F., Phillis, C. C., Sturrock, A. M., FitzGerald, A. M., Malkassian, A., Whitman, G. E., ... & Johnson, R. C. (2021). Threatened salmon rely on a rare life history strategy in a warming landscape.Nature Climate Change,11(11), 982-988."
e71577a8327b918628b43a1964ef212ee802e9a4,FC10-9-002,Oncorhynchus_tshawytscha,Isotope,Otolith,Cores,Sr8786,0.70675571,NA,NA,1,2021,"Cordoleani, F., Phillis, C. C., Sturrock, A. M., FitzGerald, A. M., Malkassian, A., Whitman, G. E., ... & Johnson, R. C. (2021). Threatened salmon rely on a rare life history strategy in a warming landscape.Nature Climate Change,11(11), 982-988."
e71577a8327b918628b43a1964ef212ee802e9a4,FC10-9-004,Oncorhynchus_tshawytscha,Isotope,Otolith,Cores,Sr8786,0.70655034,NA,NA,1,2021,"Cordoleani, F., Phillis, C. C., Sturrock, A. M., FitzGerald, A. M., Malkassian, A., Whitman, G. E., ... & Johnson, R. C. (2021). Threatened salmon rely on a rare life history strategy in a warming landscape.Nature Climate Change,11(11), 982-988."
e71577a8327b918628b43a1964ef212ee802e9a4,FC10-9-005,Oncorhynchus_tshawytscha,Isotope,Otolith,Cores,Sr8786,0.70660024,NA,NA,1,2021,"Cordoleani, F., Phillis, C. C., Sturrock, A. M., FitzGerald, A. M., Malkassian, A., Whitman, G. E., ... & Johnson, R. C. (2021). Threatened salmon rely on a rare life history strategy in a warming landscape.Nature Climate Change,11(11), 982-988."
e71577a8327b918628b43a1964ef212ee802e9a4,FC10-9-006,Oncorhynchus_tshawytscha,Isotope,Otolith,Cores,Sr8786,0.70637863,NA,NA,1,2021,"Cordoleani, F., Phillis, C. C., Sturrock, A. M., FitzGerald, A. M., Malkassian, A., Whitman, G. E., ... & Johnson, R. C. (2021). Threatened salmon rely on a rare life history strategy in a warming landscape.Nature Climate Change,11(11), 982-988."
e71577a8327b918628b43a1964ef212ee802e9a4,FC10-9-007,Oncorhynchus_tshawytscha,Isotope,Otolith,Cores,Sr8786,0.70628853,NA,NA,1,2021,"Cordoleani, F., Phillis, C. C., Sturrock, A. M., FitzGerald, A. M., Malkassian, A., Whitman, G. E., ... & Johnson, R. C. (2021). Threatened salmon rely on a rare life history strategy in a warming landscape.Nature Climate Change,11(11), 982-988."
e71577a8327b918628b43a1964ef212ee802e9a4,FC10-9-13-001,Oncorhynchus_tshawytscha,Isotope,Otolith,Cores,Sr8786,0.70622907,NA,NA,1,2021,"Cordoleani, F., Phillis, C. C., Sturrock, A. M., FitzGerald, A. M., Malkassian, A., Whitman, G. E., ... & Johnson, R. C. (2021). Threatened salmon rely on a rare life history strategy in a warming landscape.Nature Climate Change,11(11), 982-988."
e71577a8327b918628b43a1964ef212ee802e9a4,FC10-9-13-002,Oncorhynchus_tshawytscha,Isotope,Otolith,Cores,Sr8786,0.70589581,NA,NA,1,2021,"Cordoleani, F., Phillis, C. C., Sturrock, A. M., FitzGerald, A. M., Malkassian, A., Whitman, G. E., ... & Johnson, R. C. (2021). Threatened salmon rely on a rare life history strategy in a warming landscape.Nature Climate Change,11(11), 982-988."
e71577a8327b918628b43a1964ef212ee802e9a4,FC10-9-13-1,Oncorhynchus_tshawytscha,Isotope,Otolith,Cores,Sr8786,0.70600731,NA,NA,1,2021,"Cordoleani, F., Phillis, C. C., Sturrock, A. M., FitzGerald, A. M., Malkassian, A., Whitman, G. E., ... & Johnson, R. C. (2021). Threatened salmon rely on a rare life history strategy in a warming landscape.Nature Climate Change,11(11), 982-988."
e71577a8327b918628b43a1964ef212ee802e9a4,FC10-9-13-2,Oncorhynchus_tshawytscha,Isotope,Otolith,Cores,Sr8786,0.70664164,NA,NA,1,2021,"Cordoleani, F., Phillis, C. C., Sturrock, A. M., FitzGerald, A. M., Malkassian, A., Whitman, G. E., ... & Johnson, R. C. (2021). Threatened salmon rely on a rare life history strategy in a warming landscape.Nature Climate Change,11(11), 982-988."
e71577a8327b918628b43a1964ef212ee802e9a4,FC10-9-13-3,Oncorhynchus_tshawytscha,Isotope,Otolith,Cores,Sr8786,0.70653265,NA,NA,1,2021,"Cordoleani, F., Phillis, C. C., Sturrock, A. M., FitzGerald, A. M., Malkassian, A., Whitman, G. E., ... & Johnson, R. C. (2021). Threatened salmon rely on a rare life history strategy in a warming landscape.Nature Climate Change,11(11), 982-988."
e71577a8327b918628b43a1964ef212ee802e9a4,MC07_01,Oncorhynchus_tshawytscha,Isotope,Otolith,Cores,Sr8786,0.70648167,NA,NA,1,2021,"Cordoleani, F., Phillis, C. C., Sturrock, A. M., FitzGerald, A. M., Malkassian, A., Whitman, G. E., ... & Johnson, R. C. (2021). Threatened salmon rely on a rare life history strategy in a warming landscape.Nature Climate Change,11(11), 982-988."
e71577a8327b918628b43a1964ef212ee802e9a4,MC07_02,Oncorhynchus_tshawytscha,Isotope,Otolith,Cores,Sr8786,0.70569867,NA,NA,1,2021,"Cordoleani, F., Phillis, C. C., Sturrock, A. M., FitzGerald, A. M., Malkassian, A., Whitman, G. E., ... & Johnson, R. C. (2021). Threatened salmon rely on a rare life history strategy in a warming landscape.Nature Climate Change,11(11), 982-988."
e71577a8327b918628b43a1964ef212ee802e9a4,MC07_03,Oncorhynchus_tshawytscha,Isotope,Otolith,Cores,Sr8786,0.70647067,NA,NA,1,2021,"Cordoleani, F., Phillis, C. C., Sturrock, A. M., FitzGerald, A. M., Malkassian, A., Whitman, G. E., ... & Johnson, R. C. (2021). Threatened salmon rely on a rare life history strategy in a warming landscape.Nature Climate Change,11(11), 982-988."
e71577a8327b918628b43a1964ef212ee802e9a4,MC07_04,Oncorhynchus_tshawytscha,Isotope,Otolith,Cores,Sr8786,0.706204,NA,NA,1,2021,"Cordoleani, F., Phillis, C. C., Sturrock, A. M., FitzGerald, A. M., Malkassian, A., Whitman, G. E., ... & Johnson, R. C. (2021). Threatened salmon rely on a rare life history strategy in a warming landscape.Nature Climate Change,11(11), 982-988."
e71577a8327b918628b43a1964ef212ee802e9a4,MC07_07,Oncorhynchus_tshawytscha,Isotope,Otolith,Cores,Sr8786,0.70616467,NA,NA,1,2021,"Cordoleani, F., Phillis, C. C., Sturrock, A. M., FitzGerald, A. M., Malkassian, A., Whitman, G. E., ... & Johnson, R. C. (2021). Threatened salmon rely on a rare life history strategy in a warming landscape.Nature Climate Change,11(11), 982-988."
e71577a8327b918628b43a1964ef212ee802e9a4,MC07_08,Oncorhynchus_tshawytscha,Isotope,Otolith,Cores,Sr8786,0.706088,NA,NA,1,2021,"Cordoleani, F., Phillis, C. C., Sturrock, A. M., FitzGerald, A. M., Malkassian, A., Whitman, G. E., ... & Johnson, R. C. (2021). Threatened salmon rely on a rare life history strategy in a warming landscape.Nature Climate Change,11(11), 982-988."
e71577a8327b918628b43a1964ef212ee802e9a4,MC07_09,Oncorhynchus_tshawytscha,Isotope,Otolith,Cores,Sr8786,0.70556767,NA,NA,1,2021,"Cordoleani, F., Phillis, C. C., Sturrock, A. M., FitzGerald, A. M., Malkassian, A., Whitman, G. E., ... & Johnson, R. C. (2021). Threatened salmon rely on a rare life history strategy in a warming landscape.Nature Climate Change,11(11), 982-988."
e71577a8327b918628b43a1964ef212ee802e9a4,MC07_10,Oncorhynchus_tshawytscha,Isotope,Otolith,Cores,Sr8786,0.70653033,NA,NA,1,2021,"Cordoleani, F., Phillis, C. C., Sturrock, A. M., FitzGerald, A. M., Malkassian, A., Whitman, G. E., ... & Johnson, R. C. (2021). Threatened salmon rely on a rare life history strategy in a warming landscape.Nature Climate Change,11(11), 982-988."
e71577a8327b918628b43a1964ef212ee802e9a4,MC07_11,Oncorhynchus_tshawytscha,Isotope,Otolith,Cores,Sr8786,0.70605867,NA,NA,1,2021,"Cordoleani, F., Phillis, C. C., Sturrock, A. M., FitzGerald, A. M., Malkassian, A., Whitman, G. E., ... & Johnson, R. C. (2021). Threatened salmon rely on a rare life history strategy in a warming landscape.Nature Climate Change,11(11), 982-988."
e71577a8327b918628b43a1964ef212ee802e9a4,MC07_12,Oncorhynchus_tshawytscha,Isotope,Otolith,Cores,Sr8786,0.70596733,NA,NA,1,2021,"Cordoleani, F., Phillis, C. C., Sturrock, A. M., FitzGerald, A. M., Malkassian, A., Whitman, G. E., ... & Johnson, R. C. (2021). Threatened salmon rely on a rare life history strategy in a warming landscape.Nature Climate Change,11(11), 982-988."
e71577a8327b918628b43a1964ef212ee802e9a4,MC07_13,Oncorhynchus_tshawytscha,Isotope,Otolith,Cores,Sr8786,0.70578533,NA,NA,1,2021,"Cordoleani, F., Phillis, C. C., Sturrock, A. M., FitzGerald, A. M., Malkassian, A., Whitman, G. E., ... & Johnson, R. C. (2021). Threatened salmon rely on a rare life history strategy in a warming landscape.Nature Climate Change,11(11), 982-988."
e71577a8327b918628b43a1964ef212ee802e9a4,MC07_14,Oncorhynchus_tshawytscha,Isotope,Otolith,Cores,Sr8786,0.70620733,NA,NA,1,2021,"Cordoleani, F., Phillis, C. C., Sturrock, A. M., FitzGerald, A. M., Malkassian, A., Whitman, G. E., ... & Johnson, R. C. (2021). Threatened salmon rely on a rare life history strategy in a warming landscape.Nature Climate Change,11(11), 982-988."
e71577a8327b918628b43a1964ef212ee802e9a4,MC07_15,Oncorhynchus_tshawytscha,Isotope,Otolith,Cores,Sr8786,0.70612233,NA,NA,1,2021,"Cordoleani, F., Phillis, C. C., Sturrock, A. M., FitzGerald, A. M., Malkassian, A., Whitman, G. E., ... & Johnson, R. C. (2021). Threatened salmon rely on a rare life history strategy in a warming landscape.Nature Climate Change,11(11), 982-988."
e71577a8327b918628b43a1964ef212ee802e9a4,MC07_16,Oncorhynchus_tshawytscha,Isotope,Otolith,Cores,Sr8786,0.70608433,NA,NA,1,2021,"Cordoleani, F., Phillis, C. C., Sturrock, A. M., FitzGerald, A. M., Malkassian, A., Whitman, G. E., ... & Johnson, R. C. (2021). Threatened salmon rely on a rare life history strategy in a warming landscape.Nature Climate Change,11(11), 982-988."
e71577a8327b918628b43a1964ef212ee802e9a4,MC07_17,Oncorhynchus_tshawytscha,Isotope,Otolith,Cores,Sr8786,0.70581767,NA,NA,1,2021,"Cordoleani, F., Phillis, C. C., Sturrock, A. M., FitzGerald, A. M., Malkassian, A., Whitman, G. E., ... & Johnson, R. C. (2021). Threatened salmon rely on a rare life history strategy in a warming landscape.Nature Climate Change,11(11), 982-988."
e71577a8327b918628b43a1964ef212ee802e9a4,MC07_20,Oncorhynchus_tshawytscha,Isotope,Otolith,Cores,Sr8786,0.70617367,NA,NA,1,2021,"Cordoleani, F., Phillis, C. C., Sturrock, A. M., FitzGerald, A. M., Malkassian, A., Whitman, G. E., ... & Johnson, R. C. (2021). Threatened salmon rely on a rare life history strategy in a warming landscape.Nature Climate Change,11(11), 982-988."
e71577a8327b918628b43a1964ef212ee802e9a4,MC07_22,Oncorhynchus_tshawytscha,Isotope,Otolith,Cores,Sr8786,0.706237,NA,NA,1,2021,"Cordoleani, F., Phillis, C. C., Sturrock, A. M., FitzGerald, A. M., Malkassian, A., Whitman, G. E., ... & Johnson, R. C. (2021). Threatened salmon rely on a rare life history strategy in a warming landscape.Nature Climate Change,11(11), 982-988."
