Study_id,Fish_id,Species,Tags_type,Biological_archives,Location_biological_archives ,Element_ratio,Mean_value,Error,Error_type,N_analysis,Sample_date,Longitude,Latitude,Reference
e71577a8327b918628b43a1964ef212ee802e9a4,DC18_18974,Oncorhynchus_tshawytscha,Isotope,Otolith,Edges,Sr8786,0.709003494,NA,NA,1,2018,-122.0791583,39.925693,"Cordoleani, F., Phillis, C. C., Sturrock, A. M., FitzGerald, A. M., Malkassian, A., Whitman, G. E., ... & Johnson, R. C. (2021). Threatened salmon rely on a rare life history strategy in a warming landscape.?Nature Climate Change,?11(11), 982-988."
e71577a8327b918628b43a1964ef212ee802e9a4,DC18_18975,Oncorhynchus_tshawytscha,Isotope,Otolith,Edges,Sr8786,0.708859372,NA,NA,1,2018,-122.0791583,39.925693,"Cordoleani, F., Phillis, C. C., Sturrock, A. M., FitzGerald, A. M., Malkassian, A., Whitman, G. E., ... & Johnson, R. C. (2021). Threatened salmon rely on a rare life history strategy in a warming landscape.?Nature Climate Change,?11(11), 982-988."
e71577a8327b918628b43a1964ef212ee802e9a4,DC18_18976,Oncorhynchus_tshawytscha,Isotope,Otolith,Edges,Sr8786,0.708983079,NA,NA,1,2018,-122.0791583,39.925693,"Cordoleani, F., Phillis, C. C., Sturrock, A. M., FitzGerald, A. M., Malkassian, A., Whitman, G. E., ... & Johnson, R. C. (2021). Threatened salmon rely on a rare life history strategy in a warming landscape.?Nature Climate Change,?11(11), 982-988."
e71577a8327b918628b43a1964ef212ee802e9a4,DC18_18977,Oncorhynchus_tshawytscha,Isotope,Otolith,Edges,Sr8786,0.708964502,NA,NA,1,2018,-122.0791583,39.925693,"Cordoleani, F., Phillis, C. C., Sturrock, A. M., FitzGerald, A. M., Malkassian, A., Whitman, G. E., ... & Johnson, R. C. (2021). Threatened salmon rely on a rare life history strategy in a warming landscape.?Nature Climate Change,?11(11), 982-988."
e71577a8327b918628b43a1964ef212ee802e9a4,DC18_18978,Oncorhynchus_tshawytscha,Isotope,Otolith,Edges,Sr8786,0.709095072,NA,NA,1,2018,-122.0791583,39.925693,"Cordoleani, F., Phillis, C. C., Sturrock, A. M., FitzGerald, A. M., Malkassian, A., Whitman, G. E., ... & Johnson, R. C. (2021). Threatened salmon rely on a rare life history strategy in a warming landscape.?Nature Climate Change,?11(11), 982-988."
e71577a8327b918628b43a1964ef212ee802e9a4,DC18_18979,Oncorhynchus_tshawytscha,Isotope,Otolith,Edges,Sr8786,0.708875638,NA,NA,1,2018,-122.0791583,39.925693,"Cordoleani, F., Phillis, C. C., Sturrock, A. M., FitzGerald, A. M., Malkassian, A., Whitman, G. E., ... & Johnson, R. C. (2021). Threatened salmon rely on a rare life history strategy in a warming landscape.?Nature Climate Change,?11(11), 982-988."
e71577a8327b918628b43a1964ef212ee802e9a4,DC18_18980,Oncorhynchus_tshawytscha,Isotope,Otolith,Edges,Sr8786,0.709100381,NA,NA,1,2018,-122.0791583,39.925693,"Cordoleani, F., Phillis, C. C., Sturrock, A. M., FitzGerald, A. M., Malkassian, A., Whitman, G. E., ... & Johnson, R. C. (2021). Threatened salmon rely on a rare life history strategy in a warming landscape.?Nature Climate Change,?11(11), 982-988."
e71577a8327b918628b43a1964ef212ee802e9a4,DC18_18981,Oncorhynchus_tshawytscha,Isotope,Otolith,Edges,Sr8786,0.708796381,NA,NA,1,2018,-122.0791583,39.925693,"Cordoleani, F., Phillis, C. C., Sturrock, A. M., FitzGerald, A. M., Malkassian, A., Whitman, G. E., ... & Johnson, R. C. (2021). Threatened salmon rely on a rare life history strategy in a warming landscape.?Nature Climate Change,?11(11), 982-988."
e71577a8327b918628b43a1964ef212ee802e9a4,DC18_18982,Oncorhynchus_tshawytscha,Isotope,Otolith,Edges,Sr8786,0.709187401,NA,NA,1,2018,-122.0791583,39.925693,"Cordoleani, F., Phillis, C. C., Sturrock, A. M., FitzGerald, A. M., Malkassian, A., Whitman, G. E., ... & Johnson, R. C. (2021). Threatened salmon rely on a rare life history strategy in a warming landscape.?Nature Climate Change,?11(11), 982-988."
e71577a8327b918628b43a1964ef212ee802e9a4,DC18_18983,Oncorhynchus_tshawytscha,Isotope,Otolith,Edges,Sr8786,0.709110326,NA,NA,1,2018,-122.0791583,39.925693,"Cordoleani, F., Phillis, C. C., Sturrock, A. M., FitzGerald, A. M., Malkassian, A., Whitman, G. E., ... & Johnson, R. C. (2021). Threatened salmon rely on a rare life history strategy in a warming landscape.?Nature Climate Change,?11(11), 982-988."
e71577a8327b918628b43a1964ef212ee802e9a4,DC18_18984,Oncorhynchus_tshawytscha,Isotope,Otolith,Edges,Sr8786,0.709215748,NA,NA,1,2018,-122.0791583,39.925693,"Cordoleani, F., Phillis, C. C., Sturrock, A. M., FitzGerald, A. M., Malkassian, A., Whitman, G. E., ... & Johnson, R. C. (2021). Threatened salmon rely on a rare life history strategy in a warming landscape.?Nature Climate Change,?11(11), 982-988."
e71577a8327b918628b43a1964ef212ee802e9a4,DC18_18985,Oncorhynchus_tshawytscha,Isotope,Otolith,Edges,Sr8786,0.708841126,NA,NA,1,2018,-122.0791583,39.925693,"Cordoleani, F., Phillis, C. C., Sturrock, A. M., FitzGerald, A. M., Malkassian, A., Whitman, G. E., ... & Johnson, R. C. (2021). Threatened salmon rely on a rare life history strategy in a warming landscape.?Nature Climate Change,?11(11), 982-988."
e71577a8327b918628b43a1964ef212ee802e9a4,DC18_18986,Oncorhynchus_tshawytscha,Isotope,Otolith,Edges,Sr8786,0.708820866,NA,NA,1,2018,-122.0791583,39.925693,"Cordoleani, F., Phillis, C. C., Sturrock, A. M., FitzGerald, A. M., Malkassian, A., Whitman, G. E., ... & Johnson, R. C. (2021). Threatened salmon rely on a rare life history strategy in a warming landscape.?Nature Climate Change,?11(11), 982-988."
e71577a8327b918628b43a1964ef212ee802e9a4,DC18_18987,Oncorhynchus_tshawytscha,Isotope,Otolith,Edges,Sr8786,0.709057108,NA,NA,1,2018,-122.0791583,39.925693,"Cordoleani, F., Phillis, C. C., Sturrock, A. M., FitzGerald, A. M., Malkassian, A., Whitman, G. E., ... & Johnson, R. C. (2021). Threatened salmon rely on a rare life history strategy in a warming landscape.?Nature Climate Change,?11(11), 982-988."
e71577a8327b918628b43a1964ef212ee802e9a4,DC18_18988,Oncorhynchus_tshawytscha,Isotope,Otolith,Edges,Sr8786,0.709033372,NA,NA,1,2018,-122.0791583,39.925693,"Cordoleani, F., Phillis, C. C., Sturrock, A. M., FitzGerald, A. M., Malkassian, A., Whitman, G. E., ... & Johnson, R. C. (2021). Threatened salmon rely on a rare life history strategy in a warming landscape.?Nature Climate Change,?11(11), 982-988."
e71577a8327b918628b43a1964ef212ee802e9a4,DC18_68501,Oncorhynchus_tshawytscha,Isotope,Otolith,Edges,Sr8786,0.709094463,NA,NA,1,2018,-122.0791583,39.925693,"Cordoleani, F., Phillis, C. C., Sturrock, A. M., FitzGerald, A. M., Malkassian, A., Whitman, G. E., ... & Johnson, R. C. (2021). Threatened salmon rely on a rare life history strategy in a warming landscape.?Nature Climate Change,?11(11), 982-988."
e71577a8327b918628b43a1964ef212ee802e9a4,DC18_68502,Oncorhynchus_tshawytscha,Isotope,Otolith,Edges,Sr8786,0.709083557,NA,NA,1,2018,-122.0791583,39.925693,"Cordoleani, F., Phillis, C. C., Sturrock, A. M., FitzGerald, A. M., Malkassian, A., Whitman, G. E., ... & Johnson, R. C. (2021). Threatened salmon rely on a rare life history strategy in a warming landscape.?Nature Climate Change,?11(11), 982-988."
e71577a8327b918628b43a1964ef212ee802e9a4,DC18_68503,Oncorhynchus_tshawytscha,Isotope,Otolith,Edges,Sr8786,0.709040506,NA,NA,1,2018,-122.0791583,39.925693,"Cordoleani, F., Phillis, C. C., Sturrock, A. M., FitzGerald, A. M., Malkassian, A., Whitman, G. E., ... & Johnson, R. C. (2021). Threatened salmon rely on a rare life history strategy in a warming landscape.?Nature Climate Change,?11(11), 982-988."
e71577a8327b918628b43a1964ef212ee802e9a4,DC18_68504,Oncorhynchus_tshawytscha,Isotope,Otolith,Edges,Sr8786,0.709017411,NA,NA,1,2018,-122.0791583,39.925693,"Cordoleani, F., Phillis, C. C., Sturrock, A. M., FitzGerald, A. M., Malkassian, A., Whitman, G. E., ... & Johnson, R. C. (2021). Threatened salmon rely on a rare life history strategy in a warming landscape.?Nature Climate Change,?11(11), 982-988."
e71577a8327b918628b43a1964ef212ee802e9a4,DC18_68505,Oncorhynchus_tshawytscha,Isotope,Otolith,Edges,Sr8786,0.708813586,NA,NA,1,2018,-122.0791583,39.925693,"Cordoleani, F., Phillis, C. C., Sturrock, A. M., FitzGerald, A. M., Malkassian, A., Whitman, G. E., ... & Johnson, R. C. (2021). Threatened salmon rely on a rare life history strategy in a warming landscape.?Nature Climate Change,?11(11), 982-988."
e71577a8327b918628b43a1964ef212ee802e9a4,DC18_68506,Oncorhynchus_tshawytscha,Isotope,Otolith,Edges,Sr8786,0.709024396,NA,NA,1,2018,-122.0791583,39.925693,"Cordoleani, F., Phillis, C. C., Sturrock, A. M., FitzGerald, A. M., Malkassian, A., Whitman, G. E., ... & Johnson, R. C. (2021). Threatened salmon rely on a rare life history strategy in a warming landscape.?Nature Climate Change,?11(11), 982-988."
e71577a8327b918628b43a1964ef212ee802e9a4,DC18_68507,Oncorhynchus_tshawytscha,Isotope,Otolith,Edges,Sr8786,0.708854768,NA,NA,1,2018,-122.0791583,39.925693,"Cordoleani, F., Phillis, C. C., Sturrock, A. M., FitzGerald, A. M., Malkassian, A., Whitman, G. E., ... & Johnson, R. C. (2021). Threatened salmon rely on a rare life history strategy in a warming landscape.?Nature Climate Change,?11(11), 982-988."
e71577a8327b918628b43a1964ef212ee802e9a4,DC18_68508,Oncorhynchus_tshawytscha,Isotope,Otolith,Edges,Sr8786,0.708825717,NA,NA,1,2018,-122.0791583,39.925693,"Cordoleani, F., Phillis, C. C., Sturrock, A. M., FitzGerald, A. M., Malkassian, A., Whitman, G. E., ... & Johnson, R. C. (2021). Threatened salmon rely on a rare life history strategy in a warming landscape.?Nature Climate Change,?11(11), 982-988."
e71577a8327b918628b43a1964ef212ee802e9a4,DC18_68509,Oncorhynchus_tshawytscha,Isotope,Otolith,Edges,Sr8786,0.709079256,NA,NA,1,2018,-122.0791583,39.925693,"Cordoleani, F., Phillis, C. C., Sturrock, A. M., FitzGerald, A. M., Malkassian, A., Whitman, G. E., ... & Johnson, R. C. (2021). Threatened salmon rely on a rare life history strategy in a warming landscape.?Nature Climate Change,?11(11), 982-988."
e71577a8327b918628b43a1964ef212ee802e9a4,DC18_68510,Oncorhynchus_tshawytscha,Isotope,Otolith,Edges,Sr8786,0.708866149,NA,NA,1,2018,-122.0791583,39.925693,"Cordoleani, F., Phillis, C. C., Sturrock, A. M., FitzGerald, A. M., Malkassian, A., Whitman, G. E., ... & Johnson, R. C. (2021). Threatened salmon rely on a rare life history strategy in a warming landscape.?Nature Climate Change,?11(11), 982-988."
e71577a8327b918628b43a1964ef212ee802e9a4,DC18_68511,Oncorhynchus_tshawytscha,Isotope,Otolith,Edges,Sr8786,0.709112899,NA,NA,1,2018,-122.0791583,39.925693,"Cordoleani, F., Phillis, C. C., Sturrock, A. M., FitzGerald, A. M., Malkassian, A., Whitman, G. E., ... & Johnson, R. C. (2021). Threatened salmon rely on a rare life history strategy in a warming landscape.?Nature Climate Change,?11(11), 982-988."
e71577a8327b918628b43a1964ef212ee802e9a4,DC18_68512,Oncorhynchus_tshawytscha,Isotope,Otolith,Edges,Sr8786,0.709150398,NA,NA,1,2018,-122.0791583,39.925693,"Cordoleani, F., Phillis, C. C., Sturrock, A. M., FitzGerald, A. M., Malkassian, A., Whitman, G. E., ... & Johnson, R. C. (2021). Threatened salmon rely on a rare life history strategy in a warming landscape.?Nature Climate Change,?11(11), 982-988."
e71577a8327b918628b43a1964ef212ee802e9a4,DC18_68513,Oncorhynchus_tshawytscha,Isotope,Otolith,Edges,Sr8786,0.708993065,NA,NA,1,2018,-122.0791583,39.925693,"Cordoleani, F., Phillis, C. C., Sturrock, A. M., FitzGerald, A. M., Malkassian, A., Whitman, G. E., ... & Johnson, R. C. (2021). Threatened salmon rely on a rare life history strategy in a warming landscape.?Nature Climate Change,?11(11), 982-988."
e71577a8327b918628b43a1964ef212ee802e9a4,DC18_68515,Oncorhynchus_tshawytscha,Isotope,Otolith,Edges,Sr8786,0.708999914,NA,NA,1,2018,-122.0791583,39.925693,"Cordoleani, F., Phillis, C. C., Sturrock, A. M., FitzGerald, A. M., Malkassian, A., Whitman, G. E., ... & Johnson, R. C. (2021). Threatened salmon rely on a rare life history strategy in a warming landscape.?Nature Climate Change,?11(11), 982-988."
e71577a8327b918628b43a1964ef212ee802e9a4,DC18_68516,Oncorhynchus_tshawytscha,Isotope,Otolith,Edges,Sr8786,0.709019818,NA,NA,1,2018,-122.0791583,39.925693,"Cordoleani, F., Phillis, C. C., Sturrock, A. M., FitzGerald, A. M., Malkassian, A., Whitman, G. E., ... & Johnson, R. C. (2021). Threatened salmon rely on a rare life history strategy in a warming landscape.?Nature Climate Change,?11(11), 982-988."
e71577a8327b918628b43a1964ef212ee802e9a4,DC18_68517,Oncorhynchus_tshawytscha,Isotope,Otolith,Edges,Sr8786,0.709042596,NA,NA,1,2018,-122.0791583,39.925693,"Cordoleani, F., Phillis, C. C., Sturrock, A. M., FitzGerald, A. M., Malkassian, A., Whitman, G. E., ... & Johnson, R. C. (2021). Threatened salmon rely on a rare life history strategy in a warming landscape.?Nature Climate Change,?11(11), 982-988."
e71577a8327b918628b43a1964ef212ee802e9a4,DC18_68518,Oncorhynchus_tshawytscha,Isotope,Otolith,Edges,Sr8786,0.709043558,NA,NA,1,2018,-122.0791583,39.925693,"Cordoleani, F., Phillis, C. C., Sturrock, A. M., FitzGerald, A. M., Malkassian, A., Whitman, G. E., ... & Johnson, R. C. (2021). Threatened salmon rely on a rare life history strategy in a warming landscape.?Nature Climate Change,?11(11), 982-988."
e71577a8327b918628b43a1964ef212ee802e9a4,DC18_68519,Oncorhynchus_tshawytscha,Isotope,Otolith,Edges,Sr8786,0.709102555,NA,NA,1,2018,-122.0791583,39.925693,"Cordoleani, F., Phillis, C. C., Sturrock, A. M., FitzGerald, A. M., Malkassian, A., Whitman, G. E., ... & Johnson, R. C. (2021). Threatened salmon rely on a rare life history strategy in a warming landscape.?Nature Climate Change,?11(11), 982-988."
e71577a8327b918628b43a1964ef212ee802e9a4,DC18_68520,Oncorhynchus_tshawytscha,Isotope,Otolith,Edges,Sr8786,0.708834106,NA,NA,1,2018,-122.0791583,39.925693,"Cordoleani, F., Phillis, C. C., Sturrock, A. M., FitzGerald, A. M., Malkassian, A., Whitman, G. E., ... & Johnson, R. C. (2021). Threatened salmon rely on a rare life history strategy in a warming landscape.?Nature Climate Change,?11(11), 982-988."
e71577a8327b918628b43a1964ef212ee802e9a4,DC14_68521,Oncorhynchus_tshawytscha,Isotope,Otolith,Edges,Sr8786,0.708716546,NA,NA,1,2014,-122.078987,40.052857,"Cordoleani, F., Phillis, C. C., Sturrock, A. M., FitzGerald, A. M., Malkassian, A., Whitman, G. E., ... & Johnson, R. C. (2021). Threatened salmon rely on a rare life history strategy in a warming landscape.?Nature Climate Change,?11(11), 982-988."
e71577a8327b918628b43a1964ef212ee802e9a4,FC10/3/2014 #1,Oncorhynchus_tshawytscha,Isotope,Otolith,Edges,Sr8786,0.70917991,NA,NA,1,2014,-122.0791583,39.925693,"Cordoleani, F., Phillis, C. C., Sturrock, A. M., FitzGerald, A. M., Malkassian, A., Whitman, G. E., ... & Johnson, R. C. (2021). Threatened salmon rely on a rare life history strategy in a warming landscape.?Nature Climate Change,?11(11), 982-988."
e71577a8327b918628b43a1964ef212ee802e9a4,FC10/3/2014 #2,Oncorhynchus_tshawytscha,Isotope,Otolith,Edges,Sr8786,0.70854767,NA,NA,1,2014,-122.0791583,39.925693,"Cordoleani, F., Phillis, C. C., Sturrock, A. M., FitzGerald, A. M., Malkassian, A., Whitman, G. E., ... & Johnson, R. C. (2021). Threatened salmon rely on a rare life history strategy in a warming landscape.?Nature Climate Change,?11(11), 982-988."
e71577a8327b918628b43a1964ef212ee802e9a4,FC10/3/2014 #3,Oncorhynchus_tshawytscha,Isotope,Otolith,Edges,Sr8786,0.708470637,NA,NA,1,2014,-122.0791583,39.925693,"Cordoleani, F., Phillis, C. C., Sturrock, A. M., FitzGerald, A. M., Malkassian, A., Whitman, G. E., ... & Johnson, R. C. (2021). Threatened salmon rely on a rare life history strategy in a warming landscape.?Nature Climate Change,?11(11), 982-988."
e71577a8327b918628b43a1964ef212ee802e9a4,FC10-09-14-#1,Oncorhynchus_tshawytscha,Isotope,Otolith,Edges,Sr8786,0.708751873,NA,NA,1,2014,-122.078987,40.052857,"Cordoleani, F., Phillis, C. C., Sturrock, A. M., FitzGerald, A. M., Malkassian, A., Whitman, G. E., ... & Johnson, R. C. (2021). Threatened salmon rely on a rare life history strategy in a warming landscape.?Nature Climate Change,?11(11), 982-988."
e71577a8327b918628b43a1964ef212ee802e9a4,FC10-10-14 #1,Oncorhynchus_tshawytscha,Isotope,Otolith,Edges,Sr8786,0.709007079,NA,NA,1,2014,-122.078987,40.052857,"Cordoleani, F., Phillis, C. C., Sturrock, A. M., FitzGerald, A. M., Malkassian, A., Whitman, G. E., ... & Johnson, R. C. (2021). Threatened salmon rely on a rare life history strategy in a warming landscape.?Nature Climate Change,?11(11), 982-988."
e71577a8327b918628b43a1964ef212ee802e9a4,FC10-10-14 #2,Oncorhynchus_tshawytscha,Isotope,Otolith,Edges,Sr8786,0.708819448,NA,NA,1,2014,-122.078987,40.052857,"Cordoleani, F., Phillis, C. C., Sturrock, A. M., FitzGerald, A. M., Malkassian, A., Whitman, G. E., ... & Johnson, R. C. (2021). Threatened salmon rely on a rare life history strategy in a warming landscape.?Nature Climate Change,?11(11), 982-988."
e71577a8327b918628b43a1964ef212ee802e9a4,FC10-10-14 #3,Oncorhynchus_tshawytscha,Isotope,Otolith,Edges,Sr8786,0.709031865,NA,NA,1,2014,-122.078987,40.052857,"Cordoleani, F., Phillis, C. C., Sturrock, A. M., FitzGerald, A. M., Malkassian, A., Whitman, G. E., ... & Johnson, R. C. (2021). Threatened salmon rely on a rare life history strategy in a warming landscape.?Nature Climate Change,?11(11), 982-988."
e71577a8327b918628b43a1964ef212ee802e9a4,FC10-13-14-01,Oncorhynchus_tshawytscha,Isotope,Otolith,Edges,Sr8786,0.70912904,NA,NA,1,2014,-122.078987,40.052857,"Cordoleani, F., Phillis, C. C., Sturrock, A. M., FitzGerald, A. M., Malkassian, A., Whitman, G. E., ... & Johnson, R. C. (2021). Threatened salmon rely on a rare life history strategy in a warming landscape.?Nature Climate Change,?11(11), 982-988."
e71577a8327b918628b43a1964ef212ee802e9a4,FC10-16-14 #1,Oncorhynchus_tshawytscha,Isotope,Otolith,Edges,Sr8786,0.709195147,NA,NA,1,2014,-122.078987,40.052857,"Cordoleani, F., Phillis, C. C., Sturrock, A. M., FitzGerald, A. M., Malkassian, A., Whitman, G. E., ... & Johnson, R. C. (2021). Threatened salmon rely on a rare life history strategy in a warming landscape.?Nature Climate Change,?11(11), 982-988."
e71577a8327b918628b43a1964ef212ee802e9a4,FC10162014001,Oncorhynchus_tshawytscha,Isotope,Otolith,Edges,Sr8786,0.708721085,NA,NA,1,2014,-122.078987,40.052857,"Cordoleani, F., Phillis, C. C., Sturrock, A. M., FitzGerald, A. M., Malkassian, A., Whitman, G. E., ... & Johnson, R. C. (2021). Threatened salmon rely on a rare life history strategy in a warming landscape.?Nature Climate Change,?11(11), 982-988."
e71577a8327b918628b43a1964ef212ee802e9a4,FC10162014002,Oncorhynchus_tshawytscha,Isotope,Otolith,Edges,Sr8786,0.708570095,NA,NA,1,2014,-122.078987,40.052857,"Cordoleani, F., Phillis, C. C., Sturrock, A. M., FitzGerald, A. M., Malkassian, A., Whitman, G. E., ... & Johnson, R. C. (2021). Threatened salmon rely on a rare life history strategy in a warming landscape.?Nature Climate Change,?11(11), 982-988."
e71577a8327b918628b43a1964ef212ee802e9a4,FC10162014003,Oncorhynchus_tshawytscha,Isotope,Otolith,Edges,Sr8786,0.709134636,NA,NA,1,2014,-122.078987,40.052857,"Cordoleani, F., Phillis, C. C., Sturrock, A. M., FitzGerald, A. M., Malkassian, A., Whitman, G. E., ... & Johnson, R. C. (2021). Threatened salmon rely on a rare life history strategy in a warming landscape.?Nature Climate Change,?11(11), 982-988."
e71577a8327b918628b43a1964ef212ee802e9a4,FC10-11-13-001,Oncorhynchus_tshawytscha,Isotope,Otolith,Edges,Sr8786,0.708791421,NA,NA,1,2013,-122.078987,40.052857,"Cordoleani, F., Phillis, C. C., Sturrock, A. M., FitzGerald, A. M., Malkassian, A., Whitman, G. E., ... & Johnson, R. C. (2021). Threatened salmon rely on a rare life history strategy in a warming landscape.?Nature Climate Change,?11(11), 982-988."
e71577a8327b918628b43a1964ef212ee802e9a4,FC10-11-13-003,Oncorhynchus_tshawytscha,Isotope,Otolith,Edges,Sr8786,0.708475216,NA,NA,1,2013,-122.078987,40.052857,"Cordoleani, F., Phillis, C. C., Sturrock, A. M., FitzGerald, A. M., Malkassian, A., Whitman, G. E., ... & Johnson, R. C. (2021). Threatened salmon rely on a rare life history strategy in a warming landscape.?Nature Climate Change,?11(11), 982-988."
e71577a8327b918628b43a1964ef212ee802e9a4,FC10-11-13-004,Oncorhynchus_tshawytscha,Isotope,Otolith,Edges,Sr8786,0.709174317,NA,NA,1,2013,-122.078987,40.052857,"Cordoleani, F., Phillis, C. C., Sturrock, A. M., FitzGerald, A. M., Malkassian, A., Whitman, G. E., ... & Johnson, R. C. (2021). Threatened salmon rely on a rare life history strategy in a warming landscape.?Nature Climate Change,?11(11), 982-988."
e71577a8327b918628b43a1964ef212ee802e9a4,FC10-11-13-005,Oncorhynchus_tshawytscha,Isotope,Otolith,Edges,Sr8786,0.709135974,NA,NA,1,2013,-122.078987,40.052857,"Cordoleani, F., Phillis, C. C., Sturrock, A. M., FitzGerald, A. M., Malkassian, A., Whitman, G. E., ... & Johnson, R. C. (2021). Threatened salmon rely on a rare life history strategy in a warming landscape.?Nature Climate Change,?11(11), 982-988."
e71577a8327b918628b43a1964ef212ee802e9a4,FC10-11-13-006,Oncorhynchus_tshawytscha,Isotope,Otolith,Edges,Sr8786,0.708915494,NA,NA,1,2013,-122.078987,40.052857,"Cordoleani, F., Phillis, C. C., Sturrock, A. M., FitzGerald, A. M., Malkassian, A., Whitman, G. E., ... & Johnson, R. C. (2021). Threatened salmon rely on a rare life history strategy in a warming landscape.?Nature Climate Change,?11(11), 982-988."
e71577a8327b918628b43a1964ef212ee802e9a4,FC10-1-13 001,Oncorhynchus_tshawytscha,Isotope,Otolith,Edges,Sr8786,0.707745018,NA,NA,1,2013,-122.078987,40.052857,"Cordoleani, F., Phillis, C. C., Sturrock, A. M., FitzGerald, A. M., Malkassian, A., Whitman, G. E., ... & Johnson, R. C. (2021). Threatened salmon rely on a rare life history strategy in a warming landscape.?Nature Climate Change,?11(11), 982-988."
e71577a8327b918628b43a1964ef212ee802e9a4,FC10-14-13-01,Oncorhynchus_tshawytscha,Isotope,Otolith,Edges,Sr8786,0.70920558,NA,NA,1,2013,-122.078987,40.052857,"Cordoleani, F., Phillis, C. C., Sturrock, A. M., FitzGerald, A. M., Malkassian, A., Whitman, G. E., ... & Johnson, R. C. (2021). Threatened salmon rely on a rare life history strategy in a warming landscape.?Nature Climate Change,?11(11), 982-988."
e71577a8327b918628b43a1964ef212ee802e9a4,FC10-14-13-03,Oncorhynchus_tshawytscha,Isotope,Otolith,Edges,Sr8786,0.708855544,NA,NA,1,2013,-122.078987,40.052857,"Cordoleani, F., Phillis, C. C., Sturrock, A. M., FitzGerald, A. M., Malkassian, A., Whitman, G. E., ... & Johnson, R. C. (2021). Threatened salmon rely on a rare life history strategy in a warming landscape.?Nature Climate Change,?11(11), 982-988."
e71577a8327b918628b43a1964ef212ee802e9a4,FC10-14-13-04,Oncorhynchus_tshawytscha,Isotope,Otolith,Edges,Sr8786,0.708835792,NA,NA,1,2013,-122.078987,40.052857,"Cordoleani, F., Phillis, C. C., Sturrock, A. M., FitzGerald, A. M., Malkassian, A., Whitman, G. E., ... & Johnson, R. C. (2021). Threatened salmon rely on a rare life history strategy in a warming landscape.?Nature Climate Change,?11(11), 982-988."
e71577a8327b918628b43a1964ef212ee802e9a4,FC10-14-13-05,Oncorhynchus_tshawytscha,Isotope,Otolith,Edges,Sr8786,0.70915681,NA,NA,1,2013,-122.078987,40.052857,"Cordoleani, F., Phillis, C. C., Sturrock, A. M., FitzGerald, A. M., Malkassian, A., Whitman, G. E., ... & Johnson, R. C. (2021). Threatened salmon rely on a rare life history strategy in a warming landscape.?Nature Climate Change,?11(11), 982-988."
e71577a8327b918628b43a1964ef212ee802e9a4,FC10-4-13-001,Oncorhynchus_tshawytscha,Isotope,Otolith,Edges,Sr8786,0.709105504,NA,NA,1,2013,-122.078987,40.052857,"Cordoleani, F., Phillis, C. C., Sturrock, A. M., FitzGerald, A. M., Malkassian, A., Whitman, G. E., ... & Johnson, R. C. (2021). Threatened salmon rely on a rare life history strategy in a warming landscape.?Nature Climate Change,?11(11), 982-988."
e71577a8327b918628b43a1964ef212ee802e9a4,FC10-9-001,Oncorhynchus_tshawytscha,Isotope,Otolith,Edges,Sr8786,0.709080914,NA,NA,1,2013,-122.078987,40.052857,"Cordoleani, F., Phillis, C. C., Sturrock, A. M., FitzGerald, A. M., Malkassian, A., Whitman, G. E., ... & Johnson, R. C. (2021). Threatened salmon rely on a rare life history strategy in a warming landscape.?Nature Climate Change,?11(11), 982-988."
e71577a8327b918628b43a1964ef212ee802e9a4,FC10-9-002,Oncorhynchus_tshawytscha,Isotope,Otolith,Edges,Sr8786,0.709031266,NA,NA,1,2013,-122.078987,40.052857,"Cordoleani, F., Phillis, C. C., Sturrock, A. M., FitzGerald, A. M., Malkassian, A., Whitman, G. E., ... & Johnson, R. C. (2021). Threatened salmon rely on a rare life history strategy in a warming landscape.?Nature Climate Change,?11(11), 982-988."
e71577a8327b918628b43a1964ef212ee802e9a4,FC10-9-004,Oncorhynchus_tshawytscha,Isotope,Otolith,Edges,Sr8786,0.709247704,NA,NA,1,2013,-122.078987,40.052857,"Cordoleani, F., Phillis, C. C., Sturrock, A. M., FitzGerald, A. M., Malkassian, A., Whitman, G. E., ... & Johnson, R. C. (2021). Threatened salmon rely on a rare life history strategy in a warming landscape.?Nature Climate Change,?11(11), 982-988."
e71577a8327b918628b43a1964ef212ee802e9a4,FC10-9-005,Oncorhynchus_tshawytscha,Isotope,Otolith,Edges,Sr8786,0.708740064,NA,NA,1,2013,-122.078987,40.052857,"Cordoleani, F., Phillis, C. C., Sturrock, A. M., FitzGerald, A. M., Malkassian, A., Whitman, G. E., ... & Johnson, R. C. (2021). Threatened salmon rely on a rare life history strategy in a warming landscape.?Nature Climate Change,?11(11), 982-988."
e71577a8327b918628b43a1964ef212ee802e9a4,FC10-9-006,Oncorhynchus_tshawytscha,Isotope,Otolith,Edges,Sr8786,0.709182977,NA,NA,1,2013,-122.078987,40.052857,"Cordoleani, F., Phillis, C. C., Sturrock, A. M., FitzGerald, A. M., Malkassian, A., Whitman, G. E., ... & Johnson, R. C. (2021). Threatened salmon rely on a rare life history strategy in a warming landscape.?Nature Climate Change,?11(11), 982-988."
e71577a8327b918628b43a1964ef212ee802e9a4,FC10-9-007,Oncorhynchus_tshawytscha,Isotope,Otolith,Edges,Sr8786,0.70913561,NA,NA,1,2013,-122.078987,40.052857,"Cordoleani, F., Phillis, C. C., Sturrock, A. M., FitzGerald, A. M., Malkassian, A., Whitman, G. E., ... & Johnson, R. C. (2021). Threatened salmon rely on a rare life history strategy in a warming landscape.?Nature Climate Change,?11(11), 982-988."
e71577a8327b918628b43a1964ef212ee802e9a4,FC10-9-13-001,Oncorhynchus_tshawytscha,Isotope,Otolith,Edges,Sr8786,0.708851439,NA,NA,1,2013,-122.078987,40.052857,"Cordoleani, F., Phillis, C. C., Sturrock, A. M., FitzGerald, A. M., Malkassian, A., Whitman, G. E., ... & Johnson, R. C. (2021). Threatened salmon rely on a rare life history strategy in a warming landscape.?Nature Climate Change,?11(11), 982-988."
e71577a8327b918628b43a1964ef212ee802e9a4,FC10-9-13-002,Oncorhynchus_tshawytscha,Isotope,Otolith,Edges,Sr8786,0.709080458,NA,NA,1,2013,-122.078987,40.052857,"Cordoleani, F., Phillis, C. C., Sturrock, A. M., FitzGerald, A. M., Malkassian, A., Whitman, G. E., ... & Johnson, R. C. (2021). Threatened salmon rely on a rare life history strategy in a warming landscape.?Nature Climate Change,?11(11), 982-988."
e71577a8327b918628b43a1964ef212ee802e9a4,FC10-9-13-1,Oncorhynchus_tshawytscha,Isotope,Otolith,Edges,Sr8786,0.709201656,NA,NA,1,2013,-122.078987,40.052857,"Cordoleani, F., Phillis, C. C., Sturrock, A. M., FitzGerald, A. M., Malkassian, A., Whitman, G. E., ... & Johnson, R. C. (2021). Threatened salmon rely on a rare life history strategy in a warming landscape.?Nature Climate Change,?11(11), 982-988."
e71577a8327b918628b43a1964ef212ee802e9a4,FC10-9-13-2,Oncorhynchus_tshawytscha,Isotope,Otolith,Edges,Sr8786,0.709146174,NA,NA,1,2013,-122.078987,40.052857,"Cordoleani, F., Phillis, C. C., Sturrock, A. M., FitzGerald, A. M., Malkassian, A., Whitman, G. E., ... & Johnson, R. C. (2021). Threatened salmon rely on a rare life history strategy in a warming landscape.?Nature Climate Change,?11(11), 982-988."
e71577a8327b918628b43a1964ef212ee802e9a4,FC10-9-13-3,Oncorhynchus_tshawytscha,Isotope,Otolith,Edges,Sr8786,0.709134923,NA,NA,1,2013,-122.078987,40.052857,"Cordoleani, F., Phillis, C. C., Sturrock, A. M., FitzGerald, A. M., Malkassian, A., Whitman, G. E., ... & Johnson, R. C. (2021). Threatened salmon rely on a rare life history strategy in a warming landscape.?Nature Climate Change,?11(11), 982-988."
e71577a8327b918628b43a1964ef212ee802e9a4,FC001-1005-2012,Oncorhynchus_tshawytscha,Isotope,Otolith,Edges,Sr8786,0.708937437,NA,NA,1,2012,-122.078987,40.052857,"Cordoleani, F., Phillis, C. C., Sturrock, A. M., FitzGerald, A. M., Malkassian, A., Whitman, G. E., ... & Johnson, R. C. (2021). Threatened salmon rely on a rare life history strategy in a warming landscape.?Nature Climate Change,?11(11), 982-988."
e71577a8327b918628b43a1964ef212ee802e9a4,FC001-1012-2012,Oncorhynchus_tshawytscha,Isotope,Otolith,Edges,Sr8786,0.708816303,NA,NA,1,2012,-122.078987,40.052857,"Cordoleani, F., Phillis, C. C., Sturrock, A. M., FitzGerald, A. M., Malkassian, A., Whitman, G. E., ... & Johnson, R. C. (2021). Threatened salmon rely on a rare life history strategy in a warming landscape.?Nature Climate Change,?11(11), 982-988."
e71577a8327b918628b43a1964ef212ee802e9a4,FC002-1008-2012,Oncorhynchus_tshawytscha,Isotope,Otolith,Edges,Sr8786,0.708692452,NA,NA,1,2012,-122.078987,40.052857,"Cordoleani, F., Phillis, C. C., Sturrock, A. M., FitzGerald, A. M., Malkassian, A., Whitman, G. E., ... & Johnson, R. C. (2021). Threatened salmon rely on a rare life history strategy in a warming landscape.?Nature Climate Change,?11(11), 982-988."
e71577a8327b918628b43a1964ef212ee802e9a4,FC003-1008-2012,Oncorhynchus_tshawytscha,Isotope,Otolith,Edges,Sr8786,0.708619962,NA,NA,1,2012,-122.078987,40.052857,"Cordoleani, F., Phillis, C. C., Sturrock, A. M., FitzGerald, A. M., Malkassian, A., Whitman, G. E., ... & Johnson, R. C. (2021). Threatened salmon rely on a rare life history strategy in a warming landscape.?Nature Climate Change,?11(11), 982-988."
e71577a8327b918628b43a1964ef212ee802e9a4,FC004-1008-2012,Oncorhynchus_tshawytscha,Isotope,Otolith,Edges,Sr8786,0.70887304,NA,NA,1,2012,-122.078987,40.052857,"Cordoleani, F., Phillis, C. C., Sturrock, A. M., FitzGerald, A. M., Malkassian, A., Whitman, G. E., ... & Johnson, R. C. (2021). Threatened salmon rely on a rare life history strategy in a warming landscape.?Nature Climate Change,?11(11), 982-988."
e71577a8327b918628b43a1964ef212ee802e9a4,FC005-1008-2012,Oncorhynchus_tshawytscha,Isotope,Otolith,Edges,Sr8786,0.708479699,NA,NA,1,2012,-122.078987,40.052857,"Cordoleani, F., Phillis, C. C., Sturrock, A. M., FitzGerald, A. M., Malkassian, A., Whitman, G. E., ... & Johnson, R. C. (2021). Threatened salmon rely on a rare life history strategy in a warming landscape.?Nature Climate Change,?11(11), 982-988."
e71577a8327b918628b43a1964ef212ee802e9a4,FC006-1008-2012,Oncorhynchus_tshawytscha,Isotope,Otolith,Edges,Sr8786,0.706985526,NA,NA,1,2012,-122.078987,40.052857,"Cordoleani, F., Phillis, C. C., Sturrock, A. M., FitzGerald, A. M., Malkassian, A., Whitman, G. E., ... & Johnson, R. C. (2021). Threatened salmon rely on a rare life history strategy in a warming landscape.?Nature Climate Change,?11(11), 982-988."
e71577a8327b918628b43a1964ef212ee802e9a4,FC007-1008-2012,Oncorhynchus_tshawytscha,Isotope,Otolith,Edges,Sr8786,0.707300308,NA,NA,1,2012,-122.078987,40.052857,"Cordoleani, F., Phillis, C. C., Sturrock, A. M., FitzGerald, A. M., Malkassian, A., Whitman, G. E., ... & Johnson, R. C. (2021). Threatened salmon rely on a rare life history strategy in a warming landscape.?Nature Climate Change,?11(11), 982-988."
e71577a8327b918628b43a1964ef212ee802e9a4,FC008-1008-2012,Oncorhynchus_tshawytscha,Isotope,Otolith,Edges,Sr8786,0.708880199,NA,NA,1,2012,-122.078987,40.052857,"Cordoleani, F., Phillis, C. C., Sturrock, A. M., FitzGerald, A. M., Malkassian, A., Whitman, G. E., ... & Johnson, R. C. (2021). Threatened salmon rely on a rare life history strategy in a warming landscape.?Nature Climate Change,?11(11), 982-988."
e71577a8327b918628b43a1964ef212ee802e9a4,FC011-1005-2012,Oncorhynchus_tshawytscha,Isotope,Otolith,Edges,Sr8786,0.708987804,NA,NA,1,2012,-122.078987,40.052857,"Cordoleani, F., Phillis, C. C., Sturrock, A. M., FitzGerald, A. M., Malkassian, A., Whitman, G. E., ... & Johnson, R. C. (2021). Threatened salmon rely on a rare life history strategy in a warming landscape.?Nature Climate Change,?11(11), 982-988."
e71577a8327b918628b43a1964ef212ee802e9a4,FC012-1005-2012,Oncorhynchus_tshawytscha,Isotope,Otolith,Edges,Sr8786,0.708818908,NA,NA,1,2012,-122.078987,40.052857,"Cordoleani, F., Phillis, C. C., Sturrock, A. M., FitzGerald, A. M., Malkassian, A., Whitman, G. E., ... & Johnson, R. C. (2021). Threatened salmon rely on a rare life history strategy in a warming landscape.?Nature Climate Change,?11(11), 982-988."
e71577a8327b918628b43a1964ef212ee802e9a4,DC08_04,Oncorhynchus_tshawytscha,Isotope,Otolith,Edges,Sr8786,0.709080491,NA,NA,1,2008,-122.0791583,39.925693,"Cordoleani, F., Phillis, C. C., Sturrock, A. M., FitzGerald, A. M., Malkassian, A., Whitman, G. E., ... & Johnson, R. C. (2021). Threatened salmon rely on a rare life history strategy in a warming landscape.?Nature Climate Change,?11(11), 982-988."
e71577a8327b918628b43a1964ef212ee802e9a4,DC08_05,Oncorhynchus_tshawytscha,Isotope,Otolith,Edges,Sr8786,0.709212135,NA,NA,1,2008,-122.0791583,39.925693,"Cordoleani, F., Phillis, C. C., Sturrock, A. M., FitzGerald, A. M., Malkassian, A., Whitman, G. E., ... & Johnson, R. C. (2021). Threatened salmon rely on a rare life history strategy in a warming landscape.?Nature Climate Change,?11(11), 982-988."
e71577a8327b918628b43a1964ef212ee802e9a4,DC08_10,Oncorhynchus_tshawytscha,Isotope,Otolith,Edges,Sr8786,0.709026667,NA,NA,1,2008,-122.0791583,39.925693,"Cordoleani, F., Phillis, C. C., Sturrock, A. M., FitzGerald, A. M., Malkassian, A., Whitman, G. E., ... & Johnson, R. C. (2021). Threatened salmon rely on a rare life history strategy in a warming landscape.?Nature Climate Change,?11(11), 982-988."
e71577a8327b918628b43a1964ef212ee802e9a4,DC08_11,Oncorhynchus_tshawytscha,Isotope,Otolith,Edges,Sr8786,0.709106667,NA,NA,1,2008,-122.0791583,39.925693,"Cordoleani, F., Phillis, C. C., Sturrock, A. M., FitzGerald, A. M., Malkassian, A., Whitman, G. E., ... & Johnson, R. C. (2021). Threatened salmon rely on a rare life history strategy in a warming landscape.?Nature Climate Change,?11(11), 982-988."
e71577a8327b918628b43a1964ef212ee802e9a4,DC08_12,Oncorhynchus_tshawytscha,Isotope,Otolith,Edges,Sr8786,0.708973333,NA,NA,1,2008,-122.0791583,39.925693,"Cordoleani, F., Phillis, C. C., Sturrock, A. M., FitzGerald, A. M., Malkassian, A., Whitman, G. E., ... & Johnson, R. C. (2021). Threatened salmon rely on a rare life history strategy in a warming landscape.?Nature Climate Change,?11(11), 982-988."
e71577a8327b918628b43a1964ef212ee802e9a4,DC08_13,Oncorhynchus_tshawytscha,Isotope,Otolith,Edges,Sr8786,0.7089,NA,NA,1,2008,-122.0791583,39.925693,"Cordoleani, F., Phillis, C. C., Sturrock, A. M., FitzGerald, A. M., Malkassian, A., Whitman, G. E., ... & Johnson, R. C. (2021). Threatened salmon rely on a rare life history strategy in a warming landscape.?Nature Climate Change,?11(11), 982-988."
e71577a8327b918628b43a1964ef212ee802e9a4,DC08_14,Oncorhynchus_tshawytscha,Isotope,Otolith,Edges,Sr8786,0.709083238,NA,NA,1,2008,-122.0791583,39.925693,"Cordoleani, F., Phillis, C. C., Sturrock, A. M., FitzGerald, A. M., Malkassian, A., Whitman, G. E., ... & Johnson, R. C. (2021). Threatened salmon rely on a rare life history strategy in a warming landscape.?Nature Climate Change,?11(11), 982-988."
e71577a8327b918628b43a1964ef212ee802e9a4,DC08_23,Oncorhynchus_tshawytscha,Isotope,Otolith,Edges,Sr8786,0.708977015,NA,NA,1,2008,-122.0791583,39.925693,"Cordoleani, F., Phillis, C. C., Sturrock, A. M., FitzGerald, A. M., Malkassian, A., Whitman, G. E., ... & Johnson, R. C. (2021). Threatened salmon rely on a rare life history strategy in a warming landscape.?Nature Climate Change,?11(11), 982-988."
e71577a8327b918628b43a1964ef212ee802e9a4,DC08_24,Oncorhynchus_tshawytscha,Isotope,Otolith,Edges,Sr8786,0.708863333,NA,NA,1,2008,-122.0791583,39.925693,"Cordoleani, F., Phillis, C. C., Sturrock, A. M., FitzGerald, A. M., Malkassian, A., Whitman, G. E., ... & Johnson, R. C. (2021). Threatened salmon rely on a rare life history strategy in a warming landscape.?Nature Climate Change,?11(11), 982-988."
e71577a8327b918628b43a1964ef212ee802e9a4,DC08_25,Oncorhynchus_tshawytscha,Isotope,Otolith,Edges,Sr8786,0.70907,NA,NA,1,2008,-122.0791583,39.925693,"Cordoleani, F., Phillis, C. C., Sturrock, A. M., FitzGerald, A. M., Malkassian, A., Whitman, G. E., ... & Johnson, R. C. (2021). Threatened salmon rely on a rare life history strategy in a warming landscape.?Nature Climate Change,?11(11), 982-988."
e71577a8327b918628b43a1964ef212ee802e9a4,DC08_26,Oncorhynchus_tshawytscha,Isotope,Otolith,Edges,Sr8786,0.709184661,NA,NA,1,2008,-122.0791583,39.925693,"Cordoleani, F., Phillis, C. C., Sturrock, A. M., FitzGerald, A. M., Malkassian, A., Whitman, G. E., ... & Johnson, R. C. (2021). Threatened salmon rely on a rare life history strategy in a warming landscape.?Nature Climate Change,?11(11), 982-988."
e71577a8327b918628b43a1964ef212ee802e9a4,DC08_27,Oncorhynchus_tshawytscha,Isotope,Otolith,Edges,Sr8786,0.709004069,NA,NA,1,2008,-122.0791583,39.925693,"Cordoleani, F., Phillis, C. C., Sturrock, A. M., FitzGerald, A. M., Malkassian, A., Whitman, G. E., ... & Johnson, R. C. (2021). Threatened salmon rely on a rare life history strategy in a warming landscape.?Nature Climate Change,?11(11), 982-988."
e71577a8327b918628b43a1964ef212ee802e9a4,DC07_01,Oncorhynchus_tshawytscha,Isotope,Otolith,Edges,Sr8786,0.708709333,NA,NA,1,2007,-122.0791583,39.925693,"Cordoleani, F., Phillis, C. C., Sturrock, A. M., FitzGerald, A. M., Malkassian, A., Whitman, G. E., ... & Johnson, R. C. (2021). Threatened salmon rely on a rare life history strategy in a warming landscape.?Nature Climate Change,?11(11), 982-988."
e71577a8327b918628b43a1964ef212ee802e9a4,DC07_02,Oncorhynchus_tshawytscha,Isotope,Otolith,Edges,Sr8786,0.709111,NA,NA,1,2007,-122.0791583,39.925693,"Cordoleani, F., Phillis, C. C., Sturrock, A. M., FitzGerald, A. M., Malkassian, A., Whitman, G. E., ... & Johnson, R. C. (2021). Threatened salmon rely on a rare life history strategy in a warming landscape.?Nature Climate Change,?11(11), 982-988."
e71577a8327b918628b43a1964ef212ee802e9a4,DC07_06,Oncorhynchus_tshawytscha,Isotope,Otolith,Edges,Sr8786,0.708933667,NA,NA,1,2007,-122.0791583,39.925693,"Cordoleani, F., Phillis, C. C., Sturrock, A. M., FitzGerald, A. M., Malkassian, A., Whitman, G. E., ... & Johnson, R. C. (2021). Threatened salmon rely on a rare life history strategy in a warming landscape.?Nature Climate Change,?11(11), 982-988."
e71577a8327b918628b43a1964ef212ee802e9a4,DC07_07,Oncorhynchus_tshawytscha,Isotope,Otolith,Edges,Sr8786,0.709115333,NA,NA,1,2007,-122.0791583,39.925693,"Cordoleani, F., Phillis, C. C., Sturrock, A. M., FitzGerald, A. M., Malkassian, A., Whitman, G. E., ... & Johnson, R. C. (2021). Threatened salmon rely on a rare life history strategy in a warming landscape.?Nature Climate Change,?11(11), 982-988."
e71577a8327b918628b43a1964ef212ee802e9a4,DC07_08,Oncorhynchus_tshawytscha,Isotope,Otolith,Edges,Sr8786,0.708900333,NA,NA,1,2007,-122.0791583,39.925693,"Cordoleani, F., Phillis, C. C., Sturrock, A. M., FitzGerald, A. M., Malkassian, A., Whitman, G. E., ... & Johnson, R. C. (2021). Threatened salmon rely on a rare life history strategy in a warming landscape.?Nature Climate Change,?11(11), 982-988."
e71577a8327b918628b43a1964ef212ee802e9a4,DC07_09,Oncorhynchus_tshawytscha,Isotope,Otolith,Edges,Sr8786,0.70915,NA,NA,1,2007,-122.0791583,39.925693,"Cordoleani, F., Phillis, C. C., Sturrock, A. M., FitzGerald, A. M., Malkassian, A., Whitman, G. E., ... & Johnson, R. C. (2021). Threatened salmon rely on a rare life history strategy in a warming landscape.?Nature Climate Change,?11(11), 982-988."
e71577a8327b918628b43a1964ef212ee802e9a4,DC07_11,Oncorhynchus_tshawytscha,Isotope,Otolith,Edges,Sr8786,0.708338667,NA,NA,1,2007,-122.0791583,39.925693,"Cordoleani, F., Phillis, C. C., Sturrock, A. M., FitzGerald, A. M., Malkassian, A., Whitman, G. E., ... & Johnson, R. C. (2021). Threatened salmon rely on a rare life history strategy in a warming landscape.?Nature Climate Change,?11(11), 982-988."
e71577a8327b918628b43a1964ef212ee802e9a4,DC07_12,Oncorhynchus_tshawytscha,Isotope,Otolith,Edges,Sr8786,0.708949333,NA,NA,1,2007,-122.0791583,39.925693,"Cordoleani, F., Phillis, C. C., Sturrock, A. M., FitzGerald, A. M., Malkassian, A., Whitman, G. E., ... & Johnson, R. C. (2021). Threatened salmon rely on a rare life history strategy in a warming landscape.?Nature Climate Change,?11(11), 982-988."
e71577a8327b918628b43a1964ef212ee802e9a4,DC07_13,Oncorhynchus_tshawytscha,Isotope,Otolith,Edges,Sr8786,0.708932333,NA,NA,1,2007,-122.0791583,39.925693,"Cordoleani, F., Phillis, C. C., Sturrock, A. M., FitzGerald, A. M., Malkassian, A., Whitman, G. E., ... & Johnson, R. C. (2021). Threatened salmon rely on a rare life history strategy in a warming landscape.?Nature Climate Change,?11(11), 982-988."
e71577a8327b918628b43a1964ef212ee802e9a4,DC07_14,Oncorhynchus_tshawytscha,Isotope,Otolith,Edges,Sr8786,0.708944333,NA,NA,1,2007,-122.0791583,39.925693,"Cordoleani, F., Phillis, C. C., Sturrock, A. M., FitzGerald, A. M., Malkassian, A., Whitman, G. E., ... & Johnson, R. C. (2021). Threatened salmon rely on a rare life history strategy in a warming landscape.?Nature Climate Change,?11(11), 982-988."
e71577a8327b918628b43a1964ef212ee802e9a4,DC07_15,Oncorhynchus_tshawytscha,Isotope,Otolith,Edges,Sr8786,0.708988667,NA,NA,1,2007,-122.0791583,39.925693,"Cordoleani, F., Phillis, C. C., Sturrock, A. M., FitzGerald, A. M., Malkassian, A., Whitman, G. E., ... & Johnson, R. C. (2021). Threatened salmon rely on a rare life history strategy in a warming landscape.?Nature Climate Change,?11(11), 982-988."
e71577a8327b918628b43a1964ef212ee802e9a4,DC07_16,Oncorhynchus_tshawytscha,Isotope,Otolith,Edges,Sr8786,0.709065667,NA,NA,1,2007,-122.0791583,39.925693,"Cordoleani, F., Phillis, C. C., Sturrock, A. M., FitzGerald, A. M., Malkassian, A., Whitman, G. E., ... & Johnson, R. C. (2021). Threatened salmon rely on a rare life history strategy in a warming landscape.?Nature Climate Change,?11(11), 982-988."
e71577a8327b918628b43a1964ef212ee802e9a4,DC07_17,Oncorhynchus_tshawytscha,Isotope,Otolith,Edges,Sr8786,0.708859,NA,NA,1,2007,-122.0791583,39.925693,"Cordoleani, F., Phillis, C. C., Sturrock, A. M., FitzGerald, A. M., Malkassian, A., Whitman, G. E., ... & Johnson, R. C. (2021). Threatened salmon rely on a rare life history strategy in a warming landscape.?Nature Climate Change,?11(11), 982-988."
e71577a8327b918628b43a1964ef212ee802e9a4,MC07_01,Oncorhynchus_tshawytscha,Isotope,Otolith,Edges,Sr8786,0.708958,NA,NA,1,2007,-122.078987,40.052857,"Cordoleani, F., Phillis, C. C., Sturrock, A. M., FitzGerald, A. M., Malkassian, A., Whitman, G. E., ... & Johnson, R. C. (2021). Threatened salmon rely on a rare life history strategy in a warming landscape.?Nature Climate Change,?11(11), 982-988."
e71577a8327b918628b43a1964ef212ee802e9a4,MC07_02,Oncorhynchus_tshawytscha,Isotope,Otolith,Edges,Sr8786,0.708645,NA,NA,1,2007,-122.078987,40.052857,"Cordoleani, F., Phillis, C. C., Sturrock, A. M., FitzGerald, A. M., Malkassian, A., Whitman, G. E., ... & Johnson, R. C. (2021). Threatened salmon rely on a rare life history strategy in a warming landscape.?Nature Climate Change,?11(11), 982-988."
e71577a8327b918628b43a1964ef212ee802e9a4,MC07_03,Oncorhynchus_tshawytscha,Isotope,Otolith,Edges,Sr8786,0.708863333,NA,NA,1,2007,-122.078987,40.052857,"Cordoleani, F., Phillis, C. C., Sturrock, A. M., FitzGerald, A. M., Malkassian, A., Whitman, G. E., ... & Johnson, R. C. (2021). Threatened salmon rely on a rare life history strategy in a warming landscape.?Nature Climate Change,?11(11), 982-988."
e71577a8327b918628b43a1964ef212ee802e9a4,MC07_04,Oncorhynchus_tshawytscha,Isotope,Otolith,Edges,Sr8786,0.709015667,NA,NA,1,2007,-122.078987,40.052857,"Cordoleani, F., Phillis, C. C., Sturrock, A. M., FitzGerald, A. M., Malkassian, A., Whitman, G. E., ... & Johnson, R. C. (2021). Threatened salmon rely on a rare life history strategy in a warming landscape.?Nature Climate Change,?11(11), 982-988."
e71577a8327b918628b43a1964ef212ee802e9a4,MC07_07,Oncorhynchus_tshawytscha,Isotope,Otolith,Edges,Sr8786,0.709026667,NA,NA,1,2007,-122.078987,40.052857,"Cordoleani, F., Phillis, C. C., Sturrock, A. M., FitzGerald, A. M., Malkassian, A., Whitman, G. E., ... & Johnson, R. C. (2021). Threatened salmon rely on a rare life history strategy in a warming landscape.?Nature Climate Change,?11(11), 982-988."
e71577a8327b918628b43a1964ef212ee802e9a4,MC07_08,Oncorhynchus_tshawytscha,Isotope,Otolith,Edges,Sr8786,0.709075,NA,NA,1,2007,-122.078987,40.052857,"Cordoleani, F., Phillis, C. C., Sturrock, A. M., FitzGerald, A. M., Malkassian, A., Whitman, G. E., ... & Johnson, R. C. (2021). Threatened salmon rely on a rare life history strategy in a warming landscape.?Nature Climate Change,?11(11), 982-988."
e71577a8327b918628b43a1964ef212ee802e9a4,MC07_09,Oncorhynchus_tshawytscha,Isotope,Otolith,Edges,Sr8786,0.708895667,NA,NA,1,2007,-122.078987,40.052857,"Cordoleani, F., Phillis, C. C., Sturrock, A. M., FitzGerald, A. M., Malkassian, A., Whitman, G. E., ... & Johnson, R. C. (2021). Threatened salmon rely on a rare life history strategy in a warming landscape.?Nature Climate Change,?11(11), 982-988."
e71577a8327b918628b43a1964ef212ee802e9a4,MC07_10,Oncorhynchus_tshawytscha,Isotope,Otolith,Edges,Sr8786,0.708798,NA,NA,1,2007,-122.078987,40.052857,"Cordoleani, F., Phillis, C. C., Sturrock, A. M., FitzGerald, A. M., Malkassian, A., Whitman, G. E., ... & Johnson, R. C. (2021). Threatened salmon rely on a rare life history strategy in a warming landscape.?Nature Climate Change,?11(11), 982-988."
e71577a8327b918628b43a1964ef212ee802e9a4,MC07_11,Oncorhynchus_tshawytscha,Isotope,Otolith,Edges,Sr8786,0.708873333,NA,NA,1,2007,-122.078987,40.052857,"Cordoleani, F., Phillis, C. C., Sturrock, A. M., FitzGerald, A. M., Malkassian, A., Whitman, G. E., ... & Johnson, R. C. (2021). Threatened salmon rely on a rare life history strategy in a warming landscape.?Nature Climate Change,?11(11), 982-988."
e71577a8327b918628b43a1964ef212ee802e9a4,MC07_12,Oncorhynchus_tshawytscha,Isotope,Otolith,Edges,Sr8786,0.709086,NA,NA,1,2007,-122.078987,40.052857,"Cordoleani, F., Phillis, C. C., Sturrock, A. M., FitzGerald, A. M., Malkassian, A., Whitman, G. E., ... & Johnson, R. C. (2021). Threatened salmon rely on a rare life history strategy in a warming landscape.?Nature Climate Change,?11(11), 982-988."
e71577a8327b918628b43a1964ef212ee802e9a4,MC07_13,Oncorhynchus_tshawytscha,Isotope,Otolith,Edges,Sr8786,0.709177667,NA,NA,1,2007,-122.078987,40.052857,"Cordoleani, F., Phillis, C. C., Sturrock, A. M., FitzGerald, A. M., Malkassian, A., Whitman, G. E., ... & Johnson, R. C. (2021). Threatened salmon rely on a rare life history strategy in a warming landscape.?Nature Climate Change,?11(11), 982-988."
e71577a8327b918628b43a1964ef212ee802e9a4,MC07_14,Oncorhynchus_tshawytscha,Isotope,Otolith,Edges,Sr8786,0.709009333,NA,NA,1,2007,-122.078987,40.052857,"Cordoleani, F., Phillis, C. C., Sturrock, A. M., FitzGerald, A. M., Malkassian, A., Whitman, G. E., ... & Johnson, R. C. (2021). Threatened salmon rely on a rare life history strategy in a warming landscape.?Nature Climate Change,?11(11), 982-988."
e71577a8327b918628b43a1964ef212ee802e9a4,MC07_15,Oncorhynchus_tshawytscha,Isotope,Otolith,Edges,Sr8786,0.708727,NA,NA,1,2007,-122.078987,40.052857,"Cordoleani, F., Phillis, C. C., Sturrock, A. M., FitzGerald, A. M., Malkassian, A., Whitman, G. E., ... & Johnson, R. C. (2021). Threatened salmon rely on a rare life history strategy in a warming landscape.?Nature Climate Change,?11(11), 982-988."
e71577a8327b918628b43a1964ef212ee802e9a4,MC07_16,Oncorhynchus_tshawytscha,Isotope,Otolith,Edges,Sr8786,0.708917667,NA,NA,1,2007,-122.078987,40.052857,"Cordoleani, F., Phillis, C. C., Sturrock, A. M., FitzGerald, A. M., Malkassian, A., Whitman, G. E., ... & Johnson, R. C. (2021). Threatened salmon rely on a rare life history strategy in a warming landscape.?Nature Climate Change,?11(11), 982-988."
e71577a8327b918628b43a1964ef212ee802e9a4,MC07_17,Oncorhynchus_tshawytscha,Isotope,Otolith,Edges,Sr8786,0.709010667,NA,NA,1,2007,-122.078987,40.052857,"Cordoleani, F., Phillis, C. C., Sturrock, A. M., FitzGerald, A. M., Malkassian, A., Whitman, G. E., ... & Johnson, R. C. (2021). Threatened salmon rely on a rare life history strategy in a warming landscape.?Nature Climate Change,?11(11), 982-988."
e71577a8327b918628b43a1964ef212ee802e9a4,MC07_20,Oncorhynchus_tshawytscha,Isotope,Otolith,Edges,Sr8786,0.708838667,NA,NA,1,2007,-122.078987,40.052857,"Cordoleani, F., Phillis, C. C., Sturrock, A. M., FitzGerald, A. M., Malkassian, A., Whitman, G. E., ... & Johnson, R. C. (2021). Threatened salmon rely on a rare life history strategy in a warming landscape.?Nature Climate Change,?11(11), 982-988."
e71577a8327b918628b43a1964ef212ee802e9a4,MC07_21,Oncorhynchus_tshawytscha,Isotope,Otolith,Edges,Sr8786,0.708799,NA,NA,1,2007,-122.078987,40.052857,"Cordoleani, F., Phillis, C. C., Sturrock, A. M., FitzGerald, A. M., Malkassian, A., Whitman, G. E., ... & Johnson, R. C. (2021). Threatened salmon rely on a rare life history strategy in a warming landscape.?Nature Climate Change,?11(11), 982-988."
e71577a8327b918628b43a1964ef212ee802e9a4,MC07_22,Oncorhynchus_tshawytscha,Isotope,Otolith,Edges,Sr8786,0.709010667,NA,NA,1,2007,-122.078987,40.052857,"Cordoleani, F., Phillis, C. C., Sturrock, A. M., FitzGerald, A. M., Malkassian, A., Whitman, G. E., ... & Johnson, R. C. (2021). Threatened salmon rely on a rare life history strategy in a warming landscape.?Nature Climate Change,?11(11), 982-988."
